Fxmocegnfy Kraotvygya,051990310,Male,uamjzfe@zsasdcl.com,Architecture,no,Tamil,Tamil Nadu,xtoohpream,6086483781
Abrjjndgiz Vsaumczipb,569792770,Male,potmoqw@jwgpcug.com,Production,no,Telugu,AP/Telangana,jbpcwffsdf,9612195232
Uxyjrfhcmb Slzzoqcttn,444357747,Male,rpilcqu@vgabako.com,Chemical,no,Tamil,Tamil Nadu,wcmavjhfya,3678413983
Sbnjtaouel Rqkanrkjbn,099147742,Female,stalkud@shgowwh.com,Architecture,no,Marathi,AP/Telangana,hagmehnzse,3795108995
Uaogpnfhkr Mmyrkxdgsg,406025009,Male,qttbnuu@negtudv.com,Civil,no,Tamil,Tamil Nadu,bhyvootqbv,7639513031
Evorbkqsqu Kxtjtxgtmu,571003508,Male,fnmgcac@kvaixdr.com,Civil,no,Telugu,AP/Telangana,bkjuyrlbkc,5732644302
Ppuwphfccu Piljytkcsi,086425295,Male,jvsrrfz@gfeejjv.com,Mechanical,no,Telugu,AP/Telangana,zhvdwqvnuj,0472202793
Fbmntqwogb Navmhuozxz,614676346,Male,mmfsqkd@radjcfa.com,Architecture,no,Hindi,Bihar,utsgqumwyz,3122587465
Xvspegvzvd Ecamerwsls,349804351,Female,jbbpror@eoyjkus.com,EEE,yes,Telugu,AP/Telangana,btrpuegpde,2035054013
Dofqsujifr Weyhbkthdq,629102744,Male,qsidwwf@eicfvia.com,Production,no,Odiya,Bihar,fgabvwslfv,3076173770
Rnzkgddwvh Gmwphjlxgs,731697699,Male,uoqkbaq@mhrftdi.com,Chemical,no,Hindi,Himachal Pradesh,yfqsmvztkq,7166241109
Yblifgecxz Prxbjnumxa,521220694,Female,yoyacpb@akonhzr.com,Metallurgy,no,Telugu,AP/Telangana,bunoxfexxx,3180711654
Klzuobskcz Nwdmisqlbg,412755232,Male,wwvkxbk@iapozzv.com,Architecture,no,Tamil,Tamil Nadu,xubjhafmos,8526891742
Rfcuvzkyjo Shpbdoloyz,225011140,Male,tbwymia@jqybgrr.com,ICE,no,Telugu,AP/Telangana,xttauzcoom,9002112759
Pzpizeefyp Muzrqjptse,768634317,Female,kimcvhb@izgynop.com,Architecture,no,Tamil,Tamil Nadu,ltykbeynww,2339927205
Iyuertfysa Zuzmldvhbe,752059073,Male,qogtoxy@pkqhtrk.com,EEE,no,Malayalam,Kerala,pcquqkrvha,4021269024
Rozuvrucps Hbxyhzmnhc,647897325,Male,kiowfae@goqeeiq.com,Metallurgy,no,Hindi,Chhattisgarh,lztuaohkqt,0090587606
Dlywrpznkd Kgduqlcuku,669212271,Male,ouxxjge@hwawgtd.com,CSE,no,Tamil,Tamil Nadu,busxtxcmaf,7244693552
Dilypgatkz Gtjvebnqvz,733527014,Male,fdzhpgs@tznqfyv.com,Production,no,Marathi,Karnataka,suxjsdfeep,9847823641
Rjzyvwurrw Hncofvxcmg,550506962,Male,ctlpeox@ukgddri.com,Chemical,yes,Hindi,Uttarakhand,znnkioyreq,0407598333
Hwobgbxskl Rhtghbzjqa,119781042,Male,pcelzhd@cpqqzqx.com,EEE,no,Telugu,AP/Telangana,xegcvfrxrj,5346772594
Urxvqxsnfw Sxbmajllrl,521324893,Male,mnghiwp@ruimgap.com,ECE,no,Malayalam,Kerala,uxnlzxtfsu,1593544610
Jdbuuhqpvg Mtjaisyosk,915434999,Male,gzmxnug@hmpwbqu.com,Metallurgy,no,Hindi,Haryana,kjltmecfag,3112617167
Spjwfozprs Uzgkibsrke,408408353,Male,wldfaau@dqvhvjv.com,EEE,no,Hindi,Rajasthan,ropyzjtfwd,3563448138
Holhtllymy Bjphfycdky,732090454,Female,njvkmje@kizhjfn.com,Production,no,Bengali,Tamil Nadu,oygqjcqtqf,7759767170
Kuigwwcowx Muzefcmztp,022318715,Male,qqclfsj@zljuich.com,Production,no,Tamil,Tamil Nadu,bywhcqqprm,5917740223
Sjzlvjiabw Uxenstrcfh,357705224,Male,vyuxloo@amwjcfn.com,EEE,no,Telugu,AP/Telangana,sunsfxavwo,3203898517
Ansftijppe Usqxwqinry,208280845,Female,dlydcqa@uzwdjdy.com,Chemical,no,Hindi,Jammu & Kashmir,ovhpjyecur,7440766199
Qzabfhfuxs Jijpeiesqc,339198061,Male,epbjesm@yjidtpl.com,Mechanical,no,Bengali,Nagaland,hnvyujqfng,4410140943
Xvjscfczmy Irusjahrmc,395160836,Male,huxjlkv@jlpoeyx.com,ECE,no,Tamil,Tamil Nadu,oyqyacghha,2266457720
Pxyyfzbjnv Mqchdsxumi,369297834,Female,pzzmebx@yycfbqk.com,Architecture,no,Telugu,AP/Telangana,ijtkhpefyt,3746521224
Yyvpjwniin Teztitijlj,920218751,Male,wzntwzo@bmygjmd.com,EEE,yes,Hindi,Chhattisgarh,ronxnxbkzl,3066237848
Kmojnyzdve Gsgffgkrwl,943005162,Male,fozveij@ovknrzi.com,ICE,no,Hindi,Goa,oodmwyvazp,2354156155
Qwxqeevdaw Kfszyixrbi,300330651,Male,yixliwq@knsupqj.com,Production,no,Bengali,Bihar,jcctdawcxp,2154768129
Mhhoweircs Jvfmleadjy,884786051,Female,eiixysj@vslupkd.com,EEE,no,Hindi,Punjab,zfmznfppty,9689624424
Inekisommh Ewpryhxrno,208339140,Female,fcnbjmi@uqkojlu.com,Mechanical,yes,Tamil,Tamil Nadu,bgodsewymd,7926422061
Esmydkdotw Dijygsivoe,951506048,Male,siknaad@mmmttid.com,EEE,no,Tamil,Tamil Nadu,fbqvzdyexg,5123219176
Sxkwpomzva Gbhtvsojop,308829841,Female,mvrwsfu@lwxoxpl.com,ICE,yes,Marathi,Gujarat,acrclkuihu,8735724507
Kxqqinybxk Rwczixwjib,524861217,Female,frdiqbs@arjbmlc.com,Metallurgy,no,Tamil,Tamil Nadu,hiqtbhbust,2688193087
Ybdjlhmjiv Gqxgijfeen,764462750,Female,msshkkg@ojpsiqp.com,Metallurgy,no,Telugu,AP/Telangana,inksnruasf,6638713941
Ctaovzuxkr Dvmhwikkpt,316112995,Male,ocmdtfd@yzaiqyy.com,EEE,no,Hindi,Uttarakhand,nvqliacjbg,0717529700
Lfllwoqhnd Raajrqmbex,084178109,Male,kzuwnol@ccjcxci.com,CSE,no,Telugu,AP/Telangana,esztfwdkht,9721286351
Kwpijljnif Htgqguuacz,628532720,Male,gzdkdzo@gmcbpzc.com,ECE,no,Telugu,AP/Telangana,sdyymusacx,2690607108
Ebgvbzubcr Eabcaijhsu,286807909,Female,zrcimuy@symiwnt.com,Metallurgy,no,Telugu,AP/Telangana,lkrktgrtvb,2307404920
Xhjqagrcoq Fflekodmmd,947034710,Male,lszjzkg@gbjwrua.com,CSE,no,Hindi,Meghalaya,wmlwjwzbmj,0596542006
Wujznduaaa Bshqfmfkqg,399157336,Male,gpdnftu@pfkotgx.com,Civil,no,Hindi,Uttarakhand,ufattidhny,2533068802
Sbgkcbtgfx Rvnfpvzxll,754725130,Male,hojowpo@zhssnce.com,Chemical,no,Tamil,Tamil Nadu,dgubilkivc,8632600759
Lcmaeqnboi Jcygntrnsy,375886913,Male,flkqier@cwtcvgy.com,Metallurgy,no,Hindi,Goa,yyetfjnawk,1619200034
Pnvwnispsl Bnicpqjdqn,180163787,Male,nuzmduf@eelfrwc.com,ICE,no,Hindi,Uttarakhand,mhygrqhsqz,3461597531
Pdoujtccyr Rswlybckna,823660236,Male,etgmtwj@gkwyumq.com,Mechanical,no,Tamil,Tamil Nadu,irovbhbdkp,2725538197
Glhdvzdroz Ceiwdxbiqj,854068531,Female,qyvbpaa@cdwycbf.com,Metallurgy,no,Tamil,Tamil Nadu,mxbqmitwak,5847395180
Gbognuvpmu Zqdmifroyu,806097326,Male,juozjfa@xzppvlj.com,CSE,no,Tamil,Tamil Nadu,vbebrzzlmo,5117307416
Bypydwsdvb Mutfschnsv,177449013,Male,nqdynxu@sikupgw.com,Chemical,no,Odiya,Uttarakhand,jjmnzpujgf,1300411546
Hebxlmdozf Sfwysayfkd,644194240,Female,klhxytv@wbrhjqd.com,CSE,no,Tamil,Tamil Nadu,yjdoqitqyv,9288012437
Ihkvsscssg Lyjdkwjvsx,848607543,Female,stlkoie@zfcsppk.com,CSE,no,Telugu,AP/Telangana,qnxslvwyat,1723688997
Peqlooszzb Kbsikikycl,961174456,Male,kiluvvj@xybhjoi.com,ECE,no,Hindi,Sikkim,mdplqxzvaf,4418735902
Isqblqezri Fmxvqlhlrx,170545206,Male,gnicdcr@nzlkbjv.com,Chemical,no,Telugu,AP/Telangana,mjxudfcovp,4731573532
Onjxyyvegw Oukmbbsrop,643995069,Female,uyetnlp@mssztoi.com,Civil,no,Tamil,Tamil Nadu,zsizwhphyv,6976904814
Xinlptkdir Rwflmlrwvs,865314998,Female,tvilinb@ylntinh.com,Architecture,no,Tamil,Tamil Nadu,popxsuabnp,8444865749
Wpbvjkslzh Qbsfpuboqi,551402877,Male,jlmuyzv@uvmmjji.com,Production,no,Tamil,Tamil Nadu,rfyxfoednb,0529875404
Nbveczvmbh Gdnamccnos,255570978,Female,nhloivq@lbbtnnz.com,Civil,no,Odiya,Bihar,thzazbyqtt,2937158447
Ffsttjvkxt Eaenxpueqc,044152701,Female,ivocrvt@qerxfig.com,ICE,no,Tamil,Tamil Nadu,pnrxhcjxhn,3544289043
Tdhiojsreo Yoknieperq,725356190,Male,yqhinbz@txecbmk.com,EEE,no,Hindi,Punjab,qbbcvrheks,4141525051
Kcszvlsxxz Todyfckmws,641973844,Male,tbfgbpc@lxglhnh.com,Metallurgy,no,Hindi,Himachal Pradesh,yodpjppydp,3113878135
Knwvebtjgl Wlquhtcrjg,943078083,Female,kgihhdp@nknkevd.com,Chemical,no,Hindi,Tripura,jbendrjyxu,3277894026
Flsrbuunch Vyiyuwlsyq,537440672,Male,waatejx@okugkcx.com,Metallurgy,no,Hindi,Jharkhand,ifblqhpzsv,7068189191
Rxhqtvplob Wdmxnlmboo,005952871,Male,fwgreje@rmqauna.com,CSE,no,Malayalam,Kerala,csfzjhengd,5691270550
Bplqpsacmq Crstgcalbd,586555018,Male,dcrovde@thnnqkr.com,Chemical,no,Tamil,Tamil Nadu,fwkraotmci,6239573480
Iswxnseiog Hrdmxhvcai,768649444,Male,fclmxlm@qfmzlmb.com,EEE,no,Telugu,AP/Telangana,jtxuhjffkk,5669661789
Jovfyptvre Mhzuksvjdp,841243198,Female,wbxkoed@zbbocdr.com,EEE,no,Telugu,AP/Telangana,cuyzzumxtw,4762789688
Whhrmlpsdp Abrjvvchig,807112768,Male,zfgwbjw@cwqwefo.com,ECE,no,Tamil,Tamil Nadu,ndgoilxqps,5607737959
Yucbeipivx Rwvjbybaoa,794332557,Male,modyodk@mtqtwrn.com,Mechanical,no,Telugu,AP/Telangana,jvmldluhqk,7648104010
Ymxkarxcmo Iobzfpqsfs,716456735,Male,xtkytxb@adwxrxl.com,EEE,no,Hindi,Odisha,vxxqbkuqqh,7158870429
Lbdmvfqenz Cminpggcfs,193966905,Male,adnihts@ewjwawv.com,EEE,no,Hindi,Punjab,tcnuxmgskp,9110280662
Hpgisrviqa Oofreodvmq,241112948,Female,bqcwnca@ztvuwwk.com,Production,no,Tamil,Tamil Nadu,riheindlul,5808860783
Whgjdrikjd Aflsfagani,383342860,Male,yctyduj@tziuqgx.com,Architecture,no,Tamil,Tamil Nadu,lbyucooygf,1163253122
Wbknyhcekf Kudpthkjuk,489686424,Male,flgitou@snexxtm.com,Mechanical,yes,Hindi,Tripura,zlstmbnitd,8767871333
Eabhclqgqk Bjlnhgrerl,578800119,Male,vvzsxwb@dbzblpj.com,Architecture,no,Malayalam,Kerala,tsshmwplnl,5324119226
Pqbjudsjgl Zhissdstzw,808105419,Male,wzftzlu@gmjljmi.com,ICE,no,Hindi,Punjab,olxenruelk,7690353437
Krxwdgjhzg Yicwrznjyo,617067440,Male,puvvven@qgyqpca.com,ECE,no,Hindi,Rajasthan,jememtjpln,3013348561
Pegjpyufqw Puhmnhvgcd,308057120,Female,cpciaqt@wwqxehs.com,ECE,no,Tamil,Tamil Nadu,uwgtzbmzez,6177194878
Hdymzkdsll Rojvzhriei,056266465,Male,afduvkj@iazafgn.com,CSE,no,Tamil,Tamil Nadu,samccgqbsa,1354899077
Pzxwtfuxfb Eqabandanr,063637816,Female,yvqqsag@hdcvmsn.com,CSE,no,Hindi,Bihar,fpnzozikrj,5441108061
Yjufebftkp Sbpvgglxuf,534459030,Female,sxblwaw@ltlwtwb.com,Production,yes,Hindi,Madhya Pradesh,qtytlbfdiq,6277796391
Sxvliympxu Fnmwweezqg,053607793,Female,rxjghxe@eizfkch.com,Production,no,Telugu,AP/Telangana,kzemrubwih,3104306502
Qjqufpfrvd Zpqglpjnco,897525123,Male,lydsbtm@xaiirxt.com,CSE,no,Hindi,Jammu & Kashmir,qdhjajsxfa,3284470994
Amojpecwfz Jjqnmwuzho,960985242,Male,vpexnij@vvdvonh.com,Production,no,Telugu,AP/Telangana,tigfpavpyw,3608409956
Nsfwptawax Peycflepxi,341624507,Male,hnedgvx@bnqotio.com,Civil,no,Telugu,AP/Telangana,kbghxhwqgf,2330690172
Xybyppmnbp Gkngqhknso,621296799,Female,vyuuayv@asexyaw.com,ECE,no,Telugu,AP/Telangana,hqoblgxwne,3452438026
Wljzxrhzoi Rrpcqknzyq,826211636,Male,neodnwo@jiwrfcv.com,ECE,no,Tamil,Tamil Nadu,fcrxnljcum,2412844987
Epsblgffov Oocnittsne,218687511,Male,briucfl@erumabw.com,CSE,no,Hindi,Bihar,xdfnvlpjju,5430933039
Lzodxqsyyt Hryhbtskld,435743923,Female,dekekgp@oopeiit.com,ECE,no,Tamil,Tamil Nadu,ltqxyopdjh,8110562013
Ycopbfenlv Rtshpkpobo,670496049,Male,ytpdonf@dqyvduh.com,Mechanical,no,Hindi,Jharkhand,iuddjwvcow,9430600185
Hrsyybfzpy Dsassrqcev,614141550,Female,mqatyis@ecwafmq.com,Metallurgy,yes,Hindi,Himachal Pradesh,ugbsgbfefe,9266249769
Ncrrjsmini Yyqlgselvs,040361480,Male,kxuhgnt@zcvfvvq.com,Civil,no,Marathi,Delhi,ebybesjsru,2843889241
Rrlirghbwy Skpdsyntqo,783007023,Female,elxexla@xzcjrxi.com,Civil,no,Tamil,Tamil Nadu,vobgovjsci,2031746660
Meqydxatsb Bhhnfefpis,394064275,Female,dcaxvdh@czfqdhw.com,Metallurgy,no,Hindi,Bihar,mawysmbvzt,2575881856
Kjxlbhhurk Dintjmkkqq,766978161,Male,ismsgzf@qkvlmxn.com,Civil,no,Hindi,Goa,sgebdtcgld,7860351643
Nwgilviosp Udpulvustg,623156059,Male,eqvxmjd@jbwmroj.com,Chemical,no,Telugu,AP/Telangana,rpgcrzfyqb,9202370155
Qkyverjcvc Vxqvyymcbr,272401058,Female,awqswgb@gguocvh.com,EEE,no,Telugu,AP/Telangana,wxrvdtsnyj,6877806362
Copvircked Udxugoecag,835737262,Male,caoqtbw@nokudbv.com,ECE,yes,Hindi,Jharkhand,givzfknafe,8886133258
Ljuoffwonh Vkaijddfvq,682719439,Male,niqlfpo@smjotle.com,Chemical,no,Tamil,Tamil Nadu,yrwusbpdxy,0125442541
Pixigexbai Hpghjzxoqc,220286892,Female,hwdaqov@wnugqin.com,Metallurgy,yes,Tamil,Tamil Nadu,xwdqzmrbrp,6495421891
Wapjpmlttw Gvepesoioe,851317711,Male,vlnhhpm@rttqhbz.com,Chemical,no,Telugu,AP/Telangana,fbffsyeeei,8043747921
Swblnmigpr Ahnenzbhck,768802584,Male,cklaxvb@rwsqnpv.com,ECE,yes,Tamil,Tamil Nadu,fsvhbiuhqx,6540312976
Idosbqjqjm Galhhpitmf,046150946,Female,dhdpele@vxcgzxx.com,Chemical,no,Tamil,Tamil Nadu,uixnmqrozp,6524581957
Tbbvurcuyw Duikwbwurj,679102307,Male,kmzhupt@qzjioed.com,EEE,no,Hindi,Bihar,ihpokwxvmz,4056445964
Rmzjtlymij Sictxclwth,525288952,Male,pwjsruo@qiwklmx.com,EEE,no,Odiya,Tamil Nadu,hokfadtsan,2160249320
Wkecoygopa Czouqnxoen,065514088,Male,gxvwsix@fejwhwj.com,Civil,no,Telugu,AP/Telangana,nnmcubtwfw,0532609919
Haxagpsskl Isxxwoqrar,750954488,Female,cvysxwm@fpejxpk.com,Architecture,no,Hindi,Karnataka,ubmmudrgfu,8199148997
Papkfzbfso Dcqrwbodwl,331015103,Male,ommixnd@kvtlcah.com,Architecture,no,Tamil,Tamil Nadu,iktnwaslzf,7187647553
Seabjodvno Ngorlwvwtf,814967145,Male,gzzdtuo@dhtwnta.com,Metallurgy,no,Malayalam,Kerala,aqwyctvydr,9697005062
Cderyltpac Vjnetdwnqq,097343188,Male,wjtyrqz@cbfurfb.com,Chemical,yes,Tamil,Tamil Nadu,tnkvnjvwss,2525436191
Pqxshxysyg Cbblmpaknh,912065299,Female,lsgvhac@atwnelu.com,Civil,no,Hindi,Madhya Pradesh,tnnsytnjmw,0981646368
Jlamoebxho Wvjsfbtqaw,372702673,Female,gpqqupg@npnoxlx.com,ICE,no,Tamil,Tamil Nadu,klbztfkrpa,8681212590
Suxbrvizsl Mftgajpszd,275252944,Male,nawafgo@nckkhmp.com,Chemical,no,Hindi,Jharkhand,klhirbcdfq,2018766835
Rxzqvmlgmj Asbbqdndxo,228003051,Male,ggrbzsa@nefjgom.com,EEE,no,Tamil,Tamil Nadu,ttntyfpxtl,6253116118
Uifpoyhdjy Ghfkvjzqto,684837366,Female,jmjznfi@icrodmf.com,ECE,no,Hindi,Gujarat,durfhlrcah,2586132633
Gijtpibidn Roktkxycrj,844315461,Male,gglzixm@wxwssuy.com,CSE,no,Hindi,Nagaland,lawzscvhgu,6695743760
Tivxbozvzx Haxicfcpys,979105336,Female,ifevebp@dfnbrjp.com,ECE,no,Hindi,Gujarat,lmyqueriff,0692636074
Lhrwilpwkw Oezgsmueuy,666648466,Male,csyeuxc@eeujgby.com,ICE,no,Tamil,Tamil Nadu,hibrhpgijx,1404869161
Lrvufrdqov Gajfmihgbz,555818620,Male,wlrpens@yemjpjq.com,ECE,no,Hindi,Karnataka,vifrvibylf,2315924112
Xrbfedhwum Ektwhpfhsm,893565695,Male,rjorhhr@ejuqpmi.com,ICE,no,Tamil,Tamil Nadu,zsipbwvokt,3275104928
Lzihpaancp Qgzapmrnzv,898210197,Male,ceyifmj@hsqanrg.com,Metallurgy,no,Hindi,Maharashtra,rsovtpeheq,6528022145
Ceifmqbieq Zhdtfjyntq,578563808,Male,rdoneqt@hfxghqg.com,EEE,no,Tamil,Tamil Nadu,xpvihggixs,4943908421
Siyfwseaog Ezxedvqayv,186170048,Male,dcqzpag@qcuckby.com,Metallurgy,no,Marathi,Tamil Nadu,qbgzqchkav,7300910255
Hqyvtvadwr Iqomcylofm,776903150,Female,ruhdiwg@vorvecb.com,Chemical,no,Hindi,Manipur,tamxgnibaj,7077797170
Dxhpwypeqt Hzfscygidi,467564071,Male,eubcocy@vquppeb.com,ICE,yes,Tamil,Tamil Nadu,innkvbvqdz,8518007612
Dnefygobls Towpsbqsij,097255167,Female,mhcikkd@gpnjebo.com,CSE,no,Marathi,Haryana,ytcsuwjohn,9115107067
Nfgrnphdob Phzyoiozwa,760955065,Male,ttzbpsu@cwnhquv.com,Architecture,no,Telugu,AP/Telangana,kfbmaixqji,5301468979
Jwdouqwrxi Mydqcbcykz,664556666,Male,bubolbf@vnzyeud.com,ECE,yes,Tamil,Tamil Nadu,hvwlotdfzs,6098112601
Isjksxgove Ebjvfncttm,408716754,Male,wnysfjn@epvqhgw.com,Architecture,no,Hindi,Bihar,bhrkjmkcvs,9769298604
Gsxoskpeft Vnclgsrxlh,976274178,Male,ungfttp@kinoibt.com,CSE,no,Hindi,Bihar,aayrtuerwn,2589668042
Ljampfhyde Wbdqqqwvby,306605296,Male,jhjqdbz@uejlzou.com,CSE,yes,Hindi,Goa,yyepkkawnz,9842072844
Dijhyctrks Aoczepnund,056978243,Male,cudbpsc@uqxvrgv.com,Production,no,Malayalam,Kerala,tsyfhjvqyn,5126581009
Qcoqkfbgfc Xcbfuhvsgt,244685393,Male,causikl@bbmdwmf.com,Mechanical,no,Hindi,Maharashtra,dutpaayssi,6779246382
Ksgjexrjya Xartbyvsqt,453358741,Female,pvbgcxj@tvjjpow.com,Production,yes,Hindi,Bihar,dwxuuunhio,4144704230
Chwdxiqhfu Hygzzngmce,538281885,Female,bzvzfcs@sktssnj.com,ECE,no,Odiya,Tamil Nadu,sairwvbxxj,4123295814
Zmdrmrnfie Winnkuavwa,984488465,Male,qnrdhsy@kkfjhop.com,Chemical,no,Malayalam,Kerala,xoauosxnjm,0071335658
Fwylnuogyo Khoxzavxyd,542083620,Male,qcfoxup@kaisaxd.com,ICE,no,Hindi,Madhya Pradesh,mkgfysfbal,4859337721
Btlymgyeeq Lbvtufuurh,571628399,Male,rtmsqoz@aftvkcj.com,Production,no,Tamil,Tamil Nadu,gxgjurkrgi,6333336914
Owdujslwxh Zbvyuecped,424209701,Male,lzchkpo@rherlyd.com,Mechanical,no,Tamil,Tamil Nadu,cqqcbypzro,4725489192
Kkcujxdynv Coleigftst,700713358,Male,ewrcged@lsnjofu.com,Chemical,no,Tamil,Tamil Nadu,jwezlhymdx,4017773720
Stsrqaeshr Evczyshqpj,540161026,Male,tfsczsd@ykebcbk.com,Metallurgy,no,Tamil,Tamil Nadu,neevxdufvf,8728257293
Yeahbevyen Iqimtitqim,278115188,Female,evvshvo@lgeanrv.com,Civil,no,Tamil,Tamil Nadu,osfrqypkfu,0940726855
Csoygeyxnp Ijyerelxzi,699554016,Female,ubpmhmw@fgcbogg.com,Architecture,no,Tamil,Tamil Nadu,frpnujkmbd,3559403803
Dultptacux Zgnkzbdelx,609740710,Male,basgals@xhgwocw.com,Architecture,no,Hindi,Gujarat,eroaiukyva,6904368457
Xoyjhlyhuc Jzcxdjsois,050558588,Female,qxkdgms@ojzyfui.com,ECE,no,Hindi,Arunachal Pradesh,imxqulrzwj,0777801168
Ujksliucis Ecxozpavij,145620901,Male,yckkkms@yegmarx.com,Production,no,Tamil,Tamil Nadu,ynacsqymja,6466359313
Nkzayemvpy Bdicwnpccu,089642567,Male,ovnemcl@ykfzbti.com,CSE,no,Telugu,AP/Telangana,laclydqkuh,8186432990
Nqzvwwcuqy Kjvovqflrj,641099472,Male,ugapknf@cpqwuyj.com,ECE,no,Malayalam,Kerala,jlrfcbsfuq,5256101407
Sltfkuecat Qpzoegqjbh,731687624,Female,rtumbfd@zhiwpab.com,ECE,no,Telugu,AP/Telangana,zxvojyoadc,2468386699
Gikuxitqex Rrdzhhhtnx,362549363,Female,avomsjo@ptqwocr.com,ECE,no,Tamil,Tamil Nadu,arlcbjnxll,2520612097
Awbcbrqnlu Qeftvwudbu,398924920,Male,vgzkgsj@gwtwfyp.com,Mechanical,no,Telugu,AP/Telangana,efqbbdmjyj,5347344339
Lwmbaemsup Udsihflkhy,652950310,Male,nsjksud@dnlztfd.com,Chemical,no,Marathi,Kerala,kargxticnn,8169688199
Wykboyydrq Ualxvxqgjz,809504090,Female,qyeuyga@ujnqxvm.com,EEE,no,Telugu,AP/Telangana,weykmywgjh,3656655019
Wcxojumquc Mdplftwxvz,734037473,Male,ipeuzvt@jamwhjh.com,Architecture,no,Tamil,Tamil Nadu,eunzaydwdb,2571601600
Oxmugyxzqq Hchugojseu,266459818,Female,zwyuwhh@kbirxmv.com,Chemical,no,Hindi,Rajasthan,aizhnacfzq,6408968177
Pnvkfivaob Pywdxpqfld,060575855,Female,ashcyam@rycfvak.com,Architecture,no,Hindi,Gujarat,hlgbpdsydp,4033613963
Gqbjhpehdm Vzhmnmwcxj,006386626,Male,zoxcven@alyyibf.com,Production,no,Tamil,Tamil Nadu,tylkktlwnv,8617277063
Tczfwgohfe Qjoqtyqmfb,612522497,Female,nrqrtuq@lreowsl.com,Metallurgy,no,Tamil,Tamil Nadu,fsebubpqnq,9612074276
Ytsjebayul Aqrxwslhtl,433757206,Male,cgecocx@wltuyis.com,Production,no,Tamil,Tamil Nadu,iodofllcmn,7272967648
Ngpyogwxzp Lpqjsobdcw,270925110,Male,iypvfbt@tzikhuo.com,ECE,no,Hindi,Haryana,xfdbglfttu,7541581375
Leavmdszcu Glxkljjxnh,166292131,Male,qcqgwtn@yizycco.com,ECE,no,Tamil,Tamil Nadu,kvqegtserk,8666003031
Jpjmwycubv Zpjbzqbric,560914503,Female,sgeilwa@vvdkdsi.com,ICE,yes,Tamil,Tamil Nadu,wibkrqitwp,5006662954
Gyenunsbxy Dhleanznmt,345823171,Male,nposije@ohjrfkt.com,Chemical,no,Telugu,AP/Telangana,medwaptsxa,9662785507
Bqoffmaswj Ovvoaddqvp,135004584,Male,qxrlphb@nmakogo.com,Mechanical,no,Hindi,Bihar,fappnlnsvq,1043058744
Rnmdtqbnnj Tgcscfflpp,497787258,Female,sszyaot@naddume.com,ICE,no,Hindi,Chhattisgarh,bqiilyjmkw,9681844829
Ywnisuwqjr Quryjqxfjc,865627011,Male,xziqpxt@kudtomz.com,Civil,no,Tamil,Tamil Nadu,vbjfmdjpon,9200069636
Wajweggdye Mjqvfzkdtr,170505921,Male,qhopoxx@qvnyzaf.com,Civil,no,Hindi,Jharkhand,ttkswxqgyl,6902051233
Dvsiqzqghv Ehmpgojqgn,836545993,Male,ldqlvct@tqygrfd.com,Civil,no,Malayalam,Kerala,mlldjfhwyg,8077264742
Speaueuqjw Eoobgoluxf,276800250,Male,eqvpvsh@tndubmv.com,Mechanical,no,Tamil,Tamil Nadu,fdofssfuay,1887381343
Pnghuyqluc Jnscmrgyej,145036092,Male,jiuvdia@tijjlbs.com,Production,no,Tamil,Tamil Nadu,jghtqhqkmd,0712621759
Luxmapocrp Rgpdkczosv,658410457,Female,cjamcxg@eljrllk.com,Metallurgy,no,Malayalam,Kerala,byjcdiwzyc,6657293680
Ajmtkpzjlb Pelukliyin,057276772,Female,jeffmxx@cqntlie.com,Architecture,no,Tamil,Tamil Nadu,rgzcsggsqf,2299344418
Vqhvkgxjnq Tfiyixxzca,057924158,Male,iopqchs@gpbztqn.com,Architecture,no,Tamil,Tamil Nadu,uysztbngme,9523241998
Fpnpqdwazi Lywwccdogo,979388775,Male,zqieokg@vuiihnz.com,CSE,no,Hindi,Bihar,cwzkxpjjgx,6287509166
Htmagjlomt Eqdzkafrqg,375350005,Male,gfgnwue@vfupidx.com,Civil,no,Telugu,AP/Telangana,gzsizqfdxg,9874854169
Axzeodlhdx Gumvzqflwm,816752971,Male,hpppytt@lecdbhp.com,ICE,no,Hindi,Bihar,rubhsoneaa,6318113071
Ccdgmowdjq Zmcoshgnpk,807117361,Male,adhuisy@vhwgfns.com,Mechanical,no,Tamil,Tamil Nadu,lxopjkcmmg,5128629698
Tftvvogpzm Iztsasbgub,116381748,Female,orbbcwz@qidgiyj.com,Civil,no,Bengali,Maharashtra,wjzctdvboq,2407465607
Julczxbtlp Dksfgvlkbc,709956437,Male,pkkbkyc@ibhrzqo.com,Mechanical,no,Tamil,Tamil Nadu,lyrmegmwkj,6729343474
Ffjgzxagoq Remrgnfczr,414297140,Male,vfjceyl@qxakmff.com,EEE,yes,Hindi,Manipur,idabypsxhz,2209019423
Xknmdrtghr Hymlzxirjv,231262233,Male,ycfeqrg@jyxstfk.com,ICE,no,Malayalam,Kerala,evvfqabyfe,2608337283
Rdjdatanli Nqavimjkri,844214522,Male,ufsiran@pzpykns.com,Architecture,no,Tamil,Tamil Nadu,sdplsyluck,8678284024
Izchpekavt Ecchbvlend,322993434,Female,ukjcqpf@yetsnmx.com,ICE,no,Tamil,Tamil Nadu,xjhpglwfqd,5092016297
Tjjvsvnoys Sxfvibaton,396391035,Female,mmyxxpz@dtlauwx.com,Production,no,Tamil,Tamil Nadu,dtwxuebkuc,7602604657
Hapcomvlda Rctxjnnjxw,912007635,Female,nooqhej@auwbbfq.com,Chemical,no,Tamil,Tamil Nadu,fctrmfgcph,1371725374
Ydvrxhqhnt Papibhyzny,937862151,Female,lchtmtl@kqvbxbt.com,CSE,no,Hindi,Bihar,vajcjtcbdf,9343883202
Uxqtijhsxg Tbsjrxjohs,229125135,Male,nzgnxpm@cwkozri.com,CSE,no,Tamil,Tamil Nadu,rowvmqjwhf,1442926575
Khdhhpbnys Jnmipfvudn,931750099,Male,cjpdlmh@bvfutxb.com,Architecture,no,Hindi,Assam,asqnnnzfmc,2815037777
Rllteqgduv Mvgxmfoqnn,062510446,Female,pehiesj@mzfqhip.com,Mechanical,no,Bengali,Arunachal Pradesh,aioqetwjcf,2938686681
Udjlbhfurs Fjyhfrjbpw,989256983,Male,hudvnco@zhkogba.com,Production,no,Bengali,Assam,ossqzlkelg,2607020060
Nhlwrgfbzt Wxqhlpahva,916291437,Male,qkmtuaa@xmevpgp.com,EEE,no,Hindi,Madhya Pradesh,qebkpsrtop,1843178955
Uqllymwdnr Iwnyxxbwrb,807620017,Male,thvfwej@cptgaef.com,EEE,no,Hindi,Arunachal Pradesh,lshhvcpwfa,5413405973
Bdwfnbsjbu Dlrjaekrhg,723064849,Male,xzyyepx@hxfeike.com,Mechanical,no,Hindi,Arunachal Pradesh,zidvwbulro,3603961614
Sdbqpcdnzx Zhenajiylg,227542010,Female,azkopim@csiadph.com,Architecture,no,Hindi,Goa,lopnorvswj,7343891742
Dabfaylcrk Fykryrfvly,535272444,Male,qccxgxq@fzmaazm.com,EEE,no,Tamil,Tamil Nadu,tontbxivsg,1682807052
Ataxbojbrx Byyxlspvfa,794964906,Male,erkqkda@pwiseup.com,Mechanical,no,Tamil,Tamil Nadu,alggtcnngw,5283255484
Elwuoyydis Tbwmuhgwpm,607924998,Male,pjprune@gksusyp.com,Production,no,Malayalam,Kerala,udwsgstrjc,0636746548
Eyjelkyqnc Ejwrtehspu,088087282,Male,myovyha@odzemku.com,EEE,no,Malayalam,Kerala,tkvovbsoks,4585720550
Luqagifgul Tgqiyqpwzx,643280441,Male,emjaopy@erwcmbv.com,Chemical,no,Hindi,Odisha,wfaeqpikgc,8798573926
Yvvuaimoue Wwpejupzav,243197433,Female,sdezgng@elqvdbr.com,Chemical,no,Tamil,Tamil Nadu,wflurulxez,0264805448
Oyyyjoovcn Ohszvxsgef,494764478,Male,uyguzvj@trwjqrv.com,ECE,no,Tamil,Tamil Nadu,taftveaksx,0206888214
Wpkfxtszoj Aqapwyfnuf,235100279,Male,pxsmiju@zldpswd.com,Production,yes,Tamil,Tamil Nadu,igkhyjxtvq,1539757500
Lsrjvexscv Tvbdrklfsp,898765077,Male,osyyuxn@dtgjepg.com,Production,no,Telugu,AP/Telangana,toblxjwzsq,9228057582
Nlaaalspnk Wffblimunr,943171810,Female,pcaczal@tbcsluo.com,Civil,yes,Malayalam,Kerala,xojgvjesqo,5978502764
Pcwiasyclj Glefbndpkq,053924030,Male,xluhfen@mdkouds.com,Metallurgy,no,Hindi,Sikkim,krzgfkdoss,2988452217
Zqtioxusej Iooejsufgl,903564232,Female,tqjzkln@hqeozlc.com,Chemical,no,Tamil,Tamil Nadu,tisvorsiht,1063870818
Rnczjwibdv Ypzmnnozgi,329524218,Male,hggvsqr@ehipqqs.com,EEE,no,Telugu,AP/Telangana,ymsfyalgtq,8826018841
Fmfpsjnddn Ntkhpbmktb,597440364,Female,ckphlht@dbryjcs.com,Civil,no,Tamil,Tamil Nadu,qzqrvpsicj,3256140280
Wmgferfadd Fabjwzqzsq,436993345,Male,zyidktp@ewhuvqt.com,Architecture,no,Telugu,AP/Telangana,gfexzseffg,8589181676
Dmtbhsaqro Gdbsijjcuu,559001102,Male,sskwqeg@emaealr.com,CSE,no,Hindi,Nagaland,iruuifuupu,6959102184
Xvhkxfecgf Qxqudbirjg,388764425,Male,xwssadi@aanduxl.com,Production,no,Tamil,Tamil Nadu,rdfuisztqt,8119124016
Pdmnbxrzdz Cgrnelwzwl,138878477,Male,kuxquef@cqtipro.com,EEE,yes,Hindi,Maharashtra,plqdosuhfb,8040521260
Jkypepkrdd Ievehptyso,347002857,Male,pqzrfso@nopmrai.com,Metallurgy,no,Hindi,Maharashtra,byxxthppco,5761843242
Fgbirejcwb Yyjfjebkca,917553046,Female,yiifzbd@jldxegi.com,ECE,no,Tamil,Tamil Nadu,tcvowxayjg,0391311208
Gqbqahnygf Xpvpmbmtaq,882321204,Male,jtghwxz@qeevoso.com,CSE,no,Telugu,AP/Telangana,fatrljjdbl,6968469689
Nbtwcwprva Gecvamiqur,325804368,Male,rzxqakq@uzkvapq.com,Production,yes,Tamil,Tamil Nadu,fxvebrfibx,3078932961
Qhmqymimfy Paecyxtuiq,824276019,Female,aecjcjr@nggzawp.com,ICE,no,Bengali,Assam,fsrtzmupzy,3577460072
Upwmxefrnz Yqpnozwvwd,277251503,Male,iiwrcva@apcqiel.com,ECE,yes,Malayalam,Kerala,tkvaavpzei,2441020316
Tllsoaacab Kzgmchclun,864115773,Male,rmfpeol@hezxugb.com,Mechanical,no,Telugu,AP/Telangana,fuplxmshnk,9301151845
Iedxrjumse Tkrqkrvxgw,621656722,Male,qjafrym@pgmugwx.com,EEE,no,Hindi,Haryana,asrokewyap,9647915586
Aljfaiktyc Kdmdopeoox,433232034,Female,hhnjieo@suogmjt.com,ECE,no,Hindi,Maharashtra,qwuajeoajo,9858259280
Trjiddpdic Qmisyqbglf,356150172,Male,shkamgr@vgengzj.com,CSE,no,Hindi,Madhya Pradesh,jgazgtmcoo,6915019869
Tqlhfexgus Bmaqasdldm,895747817,Male,bsmgkao@ybgwyfe.com,ICE,no,Telugu,AP/Telangana,lronftwjau,9690481446
Fzhfysqaqk Wehdqanrsc,551481931,Female,lqpfklr@awkfwcm.com,Chemical,no,Hindi,Uttarakhand,yeefqcdaya,8751039496
Glmkvjgyvy Zoqmjhrspo,672620820,Male,lwfyhsp@bchuwrt.com,Mechanical,no,Tamil,Tamil Nadu,ajcurohtlk,3189948015
Iqmvmyusvp Wcygkotiwo,384482190,Female,tiilgbz@gwtvdaa.com,ECE,yes,Telugu,AP/Telangana,muiluumqyf,3535647281
Vliiizvhqe Twkbfupanr,537397927,Male,lpifyen@xajfzjm.com,Metallurgy,no,Tamil,Tamil Nadu,lmzgbnewtp,0651311533
Hbnhukssip Uwufhsbwyj,013195500,Male,evsteej@hrpkvyw.com,Civil,no,Tamil,Tamil Nadu,oymzvifkxn,9664003516
Dabiqfxktm Taczeqoniw,651131608,Male,rxplkyi@jsmdvvr.com,Chemical,no,Hindi,Maharashtra,qbsuvvqcos,5693219781
Smcocpbfkg Ztkfzudjmw,022727457,Female,lwpbeov@resaicp.com,ECE,no,Telugu,AP/Telangana,bpdunkuywz,4476377357
Ojriomymkz Slphjcfzov,618965791,Female,pooumvj@zjklpwl.com,ECE,no,Marathi,Assam,qrriwclwnt,2127156776
Cwaeroitgt Hyjqgzojyt,714064789,Female,byzwiuy@hqtorex.com,Civil,no,Marathi,Bihar,hkjdycuzsj,3639563228
Oszhggoxwo Uksssxktps,556995014,Male,fxmvhiw@vpwfwvh.com,EEE,no,Hindi,Bihar,sainlwzjga,4571435146
Raaoldkwtc Maxkzgqmeq,467252398,Male,athtrut@ktddnea.com,Architecture,no,Hindi,Goa,egvrzzfxvc,4964462215
Rebmjgyeum Hxtqzjokve,379543595,Male,icretcp@qktbuhd.com,EEE,no,Malayalam,Kerala,phkcibdscj,0917159318
Vqujbprlzm Tcojzwexkx,091133318,Male,qhuypwe@etwsgrj.com,Mechanical,no,Hindi,Gujarat,swjgmrikbo,3741300392
Hqwxvcnfbe Rjijylfxcy,917446971,Male,ytqpqwr@yrpotyw.com,Mechanical,no,Telugu,AP/Telangana,uljlfzmyqf,2703003585
Tjiqwxbxnl Tacpddaoip,817806295,Female,kxhoamu@uxmpdtf.com,Production,no,Tamil,Tamil Nadu,vxszugnsrf,3651348940
Hnxlijqzxu Sonmdpznvx,550083765,Male,gvfwcas@cjhgwiw.com,Mechanical,no,Hindi,Maharashtra,wyfrsnnvcm,3860391255
Eezwwkwmrf Brhkebiulm,622756118,Male,kbvfulv@qeqgkfz.com,EEE,no,Hindi,Odisha,zkgtlqnuxs,7139707738
Nznxuxehcf Kmtdmgtezr,219550175,Female,ybrambk@nqojury.com,ICE,no,Hindi,Bihar,oxyupzukge,4574788746
Lnczsjhytj Ceegaitkjm,174613618,Male,qitgcsw@ayepzeo.com,EEE,no,Telugu,AP/Telangana,kacgiznlbz,9363277780
Nqkztndicf Azzjrwbjiq,313093676,Male,mavbgro@dxpghei.com,Civil,no,Tamil,Tamil Nadu,ccxiqnwamz,3295359535
Clixtgltaj Ckpxftpbqs,085094158,Female,uxmnqiw@uvavjtw.com,Metallurgy,no,Tamil,Tamil Nadu,kgayvlnkuv,4948259527
Rlkjdxlpkd Kupjdfbpvi,801049011,Male,plgmaxj@aokqzse.com,CSE,no,Tamil,Tamil Nadu,fmcoeodlmc,3529286047
Izmydnqswd Hbmpfxkwqg,063436880,Female,ithoblr@uolvnvl.com,EEE,no,Telugu,AP/Telangana,lxrjtcsqxt,1340107134
Oztmbwzgfd Arybpaxqyv,041266267,Male,xlzyyka@ubjukxn.com,CSE,no,Tamil,Tamil Nadu,fobiawembh,4561899501
Nkhozmewbo Oxdlufjfhi,420030992,Male,mtzdozb@omvxhry.com,Architecture,no,Marathi,Karnataka,bpykzwxcab,1900911322
Aijupkzehp Jfauaogjxo,917327430,Male,xsfoovp@etbowvc.com,Civil,no,Telugu,AP/Telangana,ureeteixjx,5191409076
Cuxeezsagj Ydpxgnuoba,708268329,Female,krxlnmh@cpsieuo.com,Civil,no,Telugu,AP/Telangana,gnepeljlnh,3389606442
Vqnhgtszyj Uscnlfovxs,748667081,Male,tulvync@kibqspl.com,Production,no,Hindi,Meghalaya,klxbhsefci,6316429091
Eotfaozibe Bxwggvnbpq,702756386,Male,hbknqwn@oyitpht.com,Production,no,Hindi,Arunachal Pradesh,aqjnjbwrnn,8390130633
Oxchnqkhvd Iybohkzhmb,015090777,Female,ifdztmr@nnmvkbf.com,ECE,no,Telugu,AP/Telangana,ymdbatpukb,2018402078
Noqzlopsqq Gxpnymwkvn,154676000,Male,soduiyd@xhyahdy.com,Mechanical,no,Tamil,Tamil Nadu,lkzzgnjvcv,5112807595
Icazezxeer Ptpnrfyluj,457230223,Male,jqtxvst@etykpsf.com,EEE,no,Tamil,Tamil Nadu,srlebbsoqp,2832641768
Pwmvnooqub Edguxcngah,408948853,Female,xxftdav@bmikbmk.com,Chemical,no,Tamil,Tamil Nadu,rkxoumxuce,4528073117
Ouildirbcy Sctupornrp,082227034,Female,aspbhub@nlimasm.com,ECE,no,Tamil,Tamil Nadu,xqmzqoslch,7728764494
Icspzllpym Issdfmpbbe,347608143,Male,btbsydw@nvmjqhd.com,Production,no,Hindi,Maharashtra,aomlkxdkjl,6387865028
Dujoogrxkx Dxpybvmoln,092119666,Female,dmgrgyn@ogxgjqs.com,ICE,no,Hindi,Manipur,bowgmxephp,5844202305
Fuhhkdizma Dtjpexpqip,339406390,Female,ypvhhuv@qpjxvvb.com,EEE,no,Tamil,Tamil Nadu,kyxfmmcyfy,8686616764
Gxgmeuzkgf Xzlpgbdjnf,559418139,Male,fbozjpc@jmpvyzf.com,ECE,no,Telugu,AP/Telangana,lukdajyarj,4040885405
Aieubrslwx Gvfhcohtgx,501446903,Female,diycuzv@srefwft.com,Civil,yes,Telugu,AP/Telangana,pyllhogofk,7885564735
Yjiekqqnfr Okfwiepfhl,313192343,Male,svvcfzi@qsfaelu.com,Metallurgy,no,Telugu,AP/Telangana,tzrsenulsk,2531707423
Uivyweyyyo Npdlvnbedh,244344864,Female,pohrnrl@dkyyavy.com,ECE,no,Tamil,Tamil Nadu,nuaubbyyno,5035121758
Kchfjjlpwh Byveughrxn,538434804,Male,ytfhtre@eqocwaw.com,Chemical,no,Telugu,AP/Telangana,aptttycxce,1996507295
Shjuciilpx Xowomkdgww,965834651,Male,cmfcytl@pqckkkc.com,ICE,no,Tamil,Tamil Nadu,ebkmqizsrj,8864605300
Iaqtxhdgwj Fkhqlqpthn,959220634,Male,rxxqzrx@fqedbve.com,Production,no,Telugu,AP/Telangana,mkrzaetcjy,9541250183
Gzbaewpqhh Iezmvokkik,308575551,Male,lselsmu@eqzmmbe.com,CSE,no,Hindi,Chhattisgarh,dbcorpwkrs,3327802030
Gxzxmtykqi Mmatvsmsun,854139957,Female,ivwzafk@jpcvejq.com,EEE,no,Telugu,AP/Telangana,tiyqzsctbx,3373445005
Jlqqlyqtrg Firzfsyyvh,183375386,Female,vsawbzb@irdfhag.com,ECE,no,Telugu,AP/Telangana,kjooiidngn,7889169638
Sdkcbxsfnf Mffmtnuahd,356681496,Female,nofmmwx@mpxvxvo.com,Chemical,no,Tamil,Tamil Nadu,mcmrpsurnp,6035100893
Addsjydpjb Akmndrtlmg,090092226,Female,afoavvw@gqgqmoc.com,Metallurgy,no,Hindi,Maharashtra,cldhbhzopj,3231945653
Qubqksyvic Trbasvpuxv,565426719,Male,hvxhgej@xltnkki.com,Chemical,no,Bengali,Tamil Nadu,xjxujmubhh,0283731205
Bitjwgpxbd Zqiocnklrz,204017840,Female,obhstus@ltozigr.com,Metallurgy,no,Telugu,AP/Telangana,qrkuscvuhb,0751136460
Iidbajcosy Bjorbrappk,165801605,Female,knclmws@vwmqvlf.com,ICE,no,Tamil,Tamil Nadu,moabtogmoh,5793548674
Pppkrwwyrk Tvyxmfdrfb,575008555,Male,wyymkyt@seacknk.com,CSE,no,Bengali,Tamil Nadu,yuiyrjojmd,1323701192
Cxbtmywnkb Vdsjzrtmvq,505260060,Male,stvzrqk@rlqlguw.com,Civil,no,Tamil,Tamil Nadu,xdkmsntjpz,9488804770
Ppcbrsgxbq Yeazdhvbxg,556951264,Male,pfigizg@kqwyhhw.com,ECE,no,Tamil,Tamil Nadu,ujsmjiktbk,7064003381
Hwwhivouja Sxmpmtuqsn,325810846,Male,ecljiav@axdzknr.com,ECE,no,Tamil,Tamil Nadu,ztrpfyhfys,4692029769
Vqcocgefzv Ydxfzjdgxl,309287964,Male,rodnmug@hcwghvr.com,Architecture,no,Hindi,Madhya Pradesh,mlyubfjujf,1424711415
Qxwtdhgktu Fcrjwxsjkl,633692810,Female,yvqkvit@ewfnxpy.com,Civil,no,Malayalam,Kerala,bavtdhyzxu,2577699984
Lcuncmmxnv Mlzxwkeqaa,637590953,Male,tnmiywm@cilwfzv.com,ECE,no,Odiya,AP/Telangana,mufupgxbkd,7245913161
Wbbqrgnlgk Slnwgnbpjl,226311413,Female,pwbaqmb@kfrajnp.com,Production,no,Telugu,AP/Telangana,rmmwqhusqk,5934954581
Oxiqqlcdqd Xidiwsgqcm,051209574,Male,etnhixw@qdaxgbt.com,ECE,no,Telugu,AP/Telangana,zvmlulbchp,0230626287
Bdsevxzrey Azthbgliay,537488177,Female,cgayojt@ulzoeoz.com,ICE,no,Odiya,Tamil Nadu,upwvyelxgi,3559827460
Xwcrcxioct Swnqwonwkk,878521507,Female,mndhqqk@cnslrtr.com,Chemical,no,Tamil,Tamil Nadu,oijvfyqvox,8764538940
Knjecmtywm Kcksfmcryw,396288697,Male,ogdfrma@ypvcmad.com,Chemical,no,Hindi,Gujarat,dnycyvutgi,8738410221
Wbbhcddysx Terdqfhgyl,081320316,Female,douqdxy@ofuyxmx.com,EEE,no,Telugu,AP/Telangana,qemfgtlcqy,9337310036
Mfambxxykh Lbahprabus,834849182,Male,oaaxpzx@wrdtkoc.com,Mechanical,no,Hindi,Sikkim,dcgllqqfrh,4334237315
Iugqvlkiqp Bmzkpvqzhk,049900463,Male,dzaqsup@obzgrnm.com,Mechanical,no,Tamil,Tamil Nadu,fngubfwros,5887533299
Nwiiznatlg Puqmheurcx,532452339,Male,ztrzjdt@jjhdiqw.com,Mechanical,no,Tamil,Tamil Nadu,wsctfeaooi,1054347329
Lvjenblees Svlgmchfvk,303416352,Female,vhbnkia@rtyohwy.com,ECE,no,Hindi,Maharashtra,anlkrfxtbi,4253988835
Lzymooifqn Fjxtckbhuw,805022445,Male,nbxekci@rgvraxx.com,ECE,no,Telugu,AP/Telangana,krizcioaud,2555418651
Vzrfvwlcqq Xmwannukcp,227664329,Female,ylrcowt@xacuzrh.com,Production,no,Hindi,West Bengal,hdkzvmkrxt,6853967903
Ayjidfhcpn Dcprgvnwto,568864334,Female,irrhkik@vtrjmep.com,Civil,no,Telugu,AP/Telangana,pxvceifqdm,7584821682
Xluykmnqhi Fsnqfnztgb,424320558,Male,ydflorp@jmkljdu.com,Mechanical,no,Hindi,Maharashtra,lpcsykbynu,5041807943
Idhbqtlaam Dpletmxpfy,191693071,Male,rkbpybc@ktyotoh.com,Mechanical,no,Tamil,Tamil Nadu,bvxhaccdsq,7393454339
Gyknajgidm Qdljwapmws,779391578,Male,abxtmhe@sfsamzi.com,Mechanical,no,Hindi,Bihar,swjscfxbqv,0555395245
Czyuhdvxwl Ionpojjjkw,041310322,Male,vurvzww@cqacruf.com,ECE,no,Hindi,Punjab,bjxpakqiha,0433255401
Klhycuafvu Kfkllgkmpb,623104580,Male,hywhiuk@gfxbbzj.com,Mechanical,no,Tamil,Tamil Nadu,fjxqkewbtf,7988229303
Szuyaihsne Hgllmbpfob,563856108,Male,nnoermg@pesomud.com,Mechanical,no,Telugu,AP/Telangana,oqjpexztvo,2185281672
Amcrhcxjik Dzkioyukfa,765495827,Male,dvxvwea@zjgvawe.com,ICE,no,Tamil,Tamil Nadu,tvwljuojbh,6172183993
Fuyhxklimv Dtsdaysojy,418619978,Female,nlmqwvs@hiiadfs.com,Metallurgy,no,Odiya,Tamil Nadu,burgrelatx,6491316620
Phpscifkug Wfauiolcvh,641773035,Male,wyzecbd@fdhezvr.com,Civil,no,Hindi,Himachal Pradesh,uuikisvtlj,1096749653
Ubohjpimfs Ugvmfirrtt,354257830,Male,xbxrvad@izxirsv.com,ECE,yes,Hindi,Bihar,wdtolatxnm,7717374118
Drxmfrxauf Nidocloxmh,908048241,Male,jaqucwx@hqsmvab.com,Metallurgy,no,Hindi,Sikkim,mjpxfbhjaf,1667422542
Peebxgxuyg Rtescluusf,446856601,Male,yvwbxdn@mzrqtuj.com,ICE,no,Marathi,Goa,mmegnxjdvt,2521053257
Ymrsrunbbq Zlgpsjkuxr,824061227,Male,oaulido@gybfmfl.com,Mechanical,no,Telugu,AP/Telangana,ymsdmehcyi,7476233253
Cbsvwolnkc Mgwmyuwweg,504551616,Female,jpbiect@rdmtijl.com,ECE,no,Tamil,Tamil Nadu,qyifzwhrqt,7503894912
Ohiahbtfla Hlizvjrtrm,663014980,Female,alvmeqw@mmwevyw.com,EEE,no,Hindi,Delhi,jisfkorqsj,0645226525
Mfvtcxjfgf Luhnwxruys,016826196,Female,gwhqcfn@mxzafmg.com,Production,no,Hindi,Maharashtra,stqytrfawt,2016796604
Tnrpbopvtr Vkqymwdhim,866127939,Female,ywgldmd@kgwljel.com,ECE,no,Telugu,AP/Telangana,jpgnzhnvxh,8683037781
Ybiccwkdmm Eoojecfzle,516887589,Male,unfiany@cjxsobj.com,Civil,no,Odiya,Meghalaya,khvvhllqfu,5030247239
Euyaxpyelt Joghgjcerx,755181585,Male,vyerrso@didgzfo.com,Chemical,no,Tamil,Tamil Nadu,gxjjtzeaym,7745756495
Uslfuqcjda Krwpyjfizm,340391092,Male,ufpkosx@xhgdfmy.com,Metallurgy,yes,Telugu,AP/Telangana,wigygenjau,8386785065
Dwbbpuhlnu Bechaefetf,642169160,Male,xbvcufs@qbecovr.com,Civil,no,Telugu,AP/Telangana,wqhixfeeou,1492511595
Dapyygqrxa Zefonbntne,281416678,Male,ibneebr@fiuejsx.com,Metallurgy,no,Hindi,Odisha,wuhtmnccyq,7744536164
Csifaootnd Nijdztsjep,469843458,Male,gtpqzoo@sxtxfsj.com,Mechanical,no,Telugu,AP/Telangana,xtjiaczkkh,6204226699
Ovsrwahqta Mqzqwiobtj,307626317,Female,bwtooyb@ocxhymb.com,CSE,no,Hindi,Chhattisgarh,cxgnorcdne,3622971254
Gyxxjtizuy Eqeoluktma,498761939,Female,zgztphp@blhsdqc.com,Production,no,Telugu,AP/Telangana,jigmxkodgj,7195266475
Gmzmcabyfp Vkaiccljxh,915244925,Male,naqkopa@hklrtjq.com,Mechanical,no,Telugu,AP/Telangana,bwkjwafval,0942028094
Nvlgtbykyc Ddrgzhgyhh,243818203,Male,bwdqavn@svcjcbi.com,Metallurgy,no,Hindi,Madhya Pradesh,jbajvgnjqq,2055584960
Orqmgdtvxq Rwrdsmbwvs,056548034,Female,rwwkhpe@gdgeotz.com,Chemical,no,Tamil,Tamil Nadu,uwqfpifkqv,5340169248
Ndfaiywtxm Csmhgjzfjd,352679327,Female,cakqtws@grjxenc.com,Metallurgy,yes,Hindi,Sikkim,gpkjthqaqf,6212547875
Pjfevbkyav Wghnluivlx,014229357,Male,esxgexu@ftfebhe.com,Civil,no,Odiya,Assam,eqyqgivjyn,3482060910
Oewfkyqugg Megrgtgimo,578419877,Female,jpfxiog@rntfnye.com,Architecture,no,Malayalam,Kerala,vsuuvubllk,5960845384
Fdmbckffjb Gxrinagbjq,886708871,Male,vbqcvfn@yugaknt.com,EEE,no,Telugu,AP/Telangana,vnsajlyxot,7215429349
Zjbsliqecv Xxmviytuta,300773600,Male,jokjwfq@lfvdjtg.com,ECE,no,Hindi,Haryana,gvwnzutnmp,0510874660
Btfcjnvguu Ogzsrqeanm,047804634,Male,lkxdabd@iohyuiw.com,EEE,no,Hindi,Rajasthan,adrbmwwqsr,4974785380
Txkowiqakj Hmkivjiezm,913877653,Female,leaxqbu@temnobr.com,Chemical,no,Tamil,Tamil Nadu,kcvlsrqlpq,7380527773
Rpkuzmofrz Pojakpwgqd,859027637,Male,ggifcdk@rgjrzvu.com,Mechanical,no,Telugu,AP/Telangana,klkyvjlogs,0302583737
Vxrdlivgud Utwppgsxhd,087895835,Male,udlliww@nfkolli.com,Mechanical,no,Telugu,AP/Telangana,njdmvfonqy,6232735152
Qsnweslyor Snztwphbyp,874825257,Male,unmfbtp@yzjqigr.com,Chemical,no,Telugu,AP/Telangana,laxcugwvzt,5282513932
Rwmepwzyxk Fviyvhxviv,691210608,Male,khafokn@yqhlusd.com,EEE,no,Tamil,Tamil Nadu,phjiegdxwl,9492544930
Psmlbqscbz Erinywruwu,318322189,Male,knzojeu@gdjjken.com,Production,no,Tamil,Tamil Nadu,fmcyhutrfn,5750036162
Xejkkmnhpk Nwhfxwummn,142867131,Female,qobgqdu@upaffkl.com,EEE,no,Tamil,Tamil Nadu,civqlyrfjl,6248419174
Skaliytbyn Pvuhiofcvp,847429778,Male,uyqpcsr@ebauioc.com,Chemical,yes,Hindi,Chhattisgarh,zqaqwhxycp,7064660980
Hwcvqsklpe Ccjhtgxelf,527046731,Male,rlwkscc@uvraygo.com,Architecture,no,Tamil,Tamil Nadu,zfsrquwjvm,5590150446
Jvilmmnuas Mrhyksktxa,346593186,Female,jkzdanb@tisrmtv.com,Metallurgy,no,Tamil,Tamil Nadu,wodnnhgukn,5174957663
Jexrnepwvn Rqbsmvwkql,528913305,Male,aawqrxk@kexsizk.com,EEE,no,Tamil,Tamil Nadu,bwbmzqwhux,6139598699
Afprdtehtf Cabjyqwbcp,078621122,Male,cwflmks@uvkdxho.com,Chemical,no,Telugu,AP/Telangana,frpgdzmloz,3328883247
Uhinvcycnn Lrehnkpglw,857385666,Male,gstsztx@rpjdhnt.com,ICE,no,Tamil,Tamil Nadu,zbsladslcm,9936441635
Xwoheyivxp Pktytmojrk,025535065,Female,hxhfaon@uqhpytv.com,Civil,no,Tamil,Tamil Nadu,rztqsdwcco,2957414615
Rkquysqnec Hlswsfjods,640477336,Female,xusqgst@xzasmns.com,Metallurgy,no,Telugu,AP/Telangana,qcglpwjhrj,0891223972
Duiqwczasq Bfehsofjrv,450366019,Male,hmebutd@dsiuabk.com,Civil,no,Hindi,Odisha,ohfpvovdsl,1703187296
Vmtmbprqcd Dhkfcuudkz,571503090,Female,vcssoyd@qdsuqwv.com,EEE,no,Telugu,AP/Telangana,zxwyfobcpx,2114418662
Wkzodkntgd Wypvaxcnqd,333906433,Female,jotdjrf@akehqom.com,Metallurgy,no,Telugu,AP/Telangana,dxupuhrhgc,3244601544
Rbgbeildcn Tlyjhtdijb,450016152,Male,pyqtpcl@qckznyv.com,Production,no,Tamil,Tamil Nadu,qbqsryepkn,9861955303
Sqmwyyvuyj Pdpebpdlmn,911104048,Male,nvzbzzx@gnqdeol.com,Mechanical,no,Hindi,Haryana,dmovfylisz,5497656831
Oodipkqxoa Uriauldmsb,707624577,Male,vpbqtix@osjraub.com,Chemical,no,Bengali,Tamil Nadu,pxlqxrfqxq,0239559522
Qnlrjucfrl Tjcxowvchr,841810503,Male,sjutgtr@qfjyqva.com,Mechanical,no,Hindi,Gujarat,gdupbaeeju,6108381903
Bvlopesctg Dkvlvodeyp,217666346,Male,lrsqyil@oerphxd.com,Civil,yes,Odiya,Gujarat,gkvomimaos,7545386691
Pardapeofj Uxgvwfnwra,828383024,Male,foekkji@cpptjvj.com,CSE,no,Hindi,Punjab,amvbbciqqh,0318321051
Zvdibpduun Swoyrcuutb,291854152,Male,kbxwsge@hcqdzxd.com,Metallurgy,no,Telugu,AP/Telangana,vwnjbwckxu,3832705018
Imboldklbq Funnqjgzzw,367779056,Male,psrqpfs@nipubkz.com,Mechanical,no,Tamil,Tamil Nadu,eckeaorxce,2695438766
Ythbjqwhir Afodwvouoh,743572774,Male,pnragyh@bdmptwr.com,Mechanical,no,Bengali,Manipur,ejeuwmtvix,6386830182
Wtkktbhpkn Oetzpnoiqf,777311497,Male,dgguenw@qgklfap.com,Mechanical,no,Hindi,Bihar,zahnchxqnx,9537958068
Wlkrenmmnv Hgqveodpwq,858013277,Male,tbjqmpc@nysnswk.com,Metallurgy,no,Hindi,Madhya Pradesh,iafmwudbzf,0480869352
Vsdvugbqnm Lvkntqabip,108926991,Male,rgokjib@bputgwl.com,Architecture,no,Tamil,Tamil Nadu,alcorhgpzp,3249422623
Dggnszwtxd Lzmhkdafxl,721688377,Female,cuhulnv@hzdxwlo.com,EEE,no,Hindi,Maharashtra,tiymtqlsqx,4877079691
Cnwxmbeeoa Jtwbzcbdyc,666113513,Male,jgtwfgz@bjgurds.com,Civil,no,Malayalam,Kerala,uzbvemidzi,8221346754
Nzpdtxtryk Xcxrbylpld,081330408,Male,asaeuze@heefthe.com,Mechanical,no,Tamil,Tamil Nadu,zvgsaondod,3629536645
Iaaderuqts Ifhhyobdgu,091532438,Male,fmbenjj@zbhkofv.com,Chemical,no,Telugu,AP/Telangana,glywjhbggn,1666516948
Oizvgrbdhw Ceqknknujf,856550664,Female,uuwxrkq@cdnwosr.com,ECE,no,Tamil,Tamil Nadu,odudmhmvik,0251406239
Ywubegxvvs Xqwafeogev,422306100,Male,eesflbc@ltewesh.com,ECE,no,Bengali,Mizoram,hvhnmzrndq,3294049846
Vwqlqaevvr Qzlpjjkmfj,667459313,Male,bwgfbti@exofhjx.com,Civil,no,Telugu,AP/Telangana,mjeirkysph,5311762589
Gkhcnmliji Uccffqagcj,267979993,Female,xfivjrv@isdnejw.com,CSE,no,Telugu,AP/Telangana,dtfhpgagcg,8574177431
Hulvofyxht Dnxxnpxeun,777006335,Male,omtthok@sengujx.com,ICE,no,Hindi,Uttarakhand,cmztekayeg,9837259304
Qmszlhbgkm Owdxbbwxyu,294141006,Female,wztvtlb@dvomvab.com,ICE,no,Hindi,Nagaland,jyavwyojbz,8874682351
Zeugpmfjvx Aporojttmq,304940286,Male,maudjkz@cuxhzvv.com,Production,no,Tamil,Tamil Nadu,wctfubarnp,7950675264
Kyfvfvypzc Dbvenqxmdh,181669746,Male,ttxvyjr@kxyjgsj.com,ICE,no,Telugu,AP/Telangana,fpqvhhuwjm,5964139393
Fmpsudultv Tlimunnbey,084853456,Male,jdrdmcw@sbncldj.com,Production,no,Tamil,Tamil Nadu,ainbmsqjbq,7139323737
Rgicnoqdsc Vtawwxnzvx,428757233,Male,thfppxb@ytyrpsq.com,Mechanical,no,Hindi,Manipur,pjatkiftvr,5529504415
Aysyutelzv Vnsbrtykpm,709476948,Female,bckwkwb@sbpefgc.com,ECE,no,Tamil,Tamil Nadu,xnbprqnimd,5178469768
Swgxvdovan Ercdpvivpc,437066947,Male,nhnokij@xonxace.com,EEE,no,Telugu,AP/Telangana,xtevmduhbs,3650067381
Rjlcoqzbch Asifmsoerq,499627911,Male,wqisxnc@rusrhvq.com,ECE,no,Hindi,Himachal Pradesh,jbenmfifkn,9331645741
Nhdcmohlqo Dzqwkfcqyz,859549299,Male,bjrwdxf@mrxdhrw.com,ICE,no,Hindi,Chhattisgarh,tnbcwpjmod,8111196102
Lkggenevug Zdexmaialc,471558706,Female,xkjpwul@arbgose.com,CSE,no,Hindi,Rajasthan,hwofshjqya,4467273603
Nrckljudfo Gqxxjvsaus,022384713,Male,mvriizp@arkbbhx.com,ECE,no,Tamil,Tamil Nadu,evqhbwqvze,4874351081
Gcmnyioevv Byyepvipif,536031471,Male,bqnsbbq@ngrzkoq.com,EEE,no,Hindi,Bihar,apclwolbul,3021361027
Cctvgglfzs Novwvlpbgi,808662169,Female,kqheomo@ryzxqjs.com,Production,no,Hindi,Maharashtra,gjjmkxtjfi,9541601941
Tpukytfpcl Vpsldujggn,373519529,Male,dmazizd@kicfmwb.com,ECE,no,Telugu,AP/Telangana,tlfhnzlbhi,3693155619
Vxfgjydsyg Ebldykqtch,683033361,Male,jlhjtyh@qmeyyzq.com,Architecture,yes,Hindi,Maharashtra,eimafzvraz,7580259448
Utuiioxvqq Emeyzjnrtj,976764224,Female,spkmtaw@esjqqrc.com,Metallurgy,no,Malayalam,Kerala,umekwuadhj,2567619859
Vflmkpvpie Kbupxyutcd,630175544,Male,fmezaxs@mmnlovl.com,CSE,no,Tamil,Tamil Nadu,wboyoqlnxq,3802196270
Haqblxlnju Xcexfacclv,392313278,Male,jlpgakl@ulouhws.com,Civil,no,Hindi,Assam,hfaguarmcj,0069418502
Hkdanfzpmz Tdmmlhwdmv,014134914,Male,bqqedfu@sneqkqm.com,Architecture,no,Telugu,AP/Telangana,xmdngswamw,9334988627
Nunlsucnqa Vqgccvlixu,343967810,Male,dbwueip@faxilhy.com,EEE,no,Hindi,Punjab,fakcgmmzih,2624957850
Zdibbfwsyp Odxkcinrdh,162071925,Male,vkmmtar@ddwuhkc.com,Mechanical,no,Hindi,Rajasthan,vnbwhkrkfg,0733095438
Kmxzgwnwzs Nvrvwybyqi,306739889,Female,nqewotg@hgoqidp.com,Architecture,no,Hindi,Karnataka,vwdpjasivh,7397200113
Qfpyqwibkb Jjjhfmslgf,478479300,Male,fvwhkew@bifrbmx.com,CSE,yes,Telugu,AP/Telangana,dlmiqswbcs,6837375152
Prlhmqtxoi Iqskzvssao,826489538,Male,twhbkci@jsiweoy.com,Production,no,Tamil,Tamil Nadu,uxobaychmy,8900524275
Bzcsoxolau Qllctrjxai,196919031,Male,lvbzbgt@wmopbsp.com,CSE,no,Marathi,Maharashtra,jywistdstk,3090227592
Mnyzakjeck Tcebpolnqm,047616107,Male,bkuyuue@yifyzjd.com,Mechanical,no,Tamil,Tamil Nadu,pxzjzjzkwk,3788088947
Corqdqymkq Gljjgtzvmg,159937927,Male,sinmqyk@metojki.com,EEE,no,Telugu,AP/Telangana,wwzzhogoyq,9804480748
Piwjdfazlg Yqgmrebpow,428397826,Male,oljbkoy@vialhrf.com,Metallurgy,no,Marathi,Nagaland,wtervhhkqc,3713413983
Krrgirivyy Wtswhvtmdg,219892166,Male,yzbziwh@ienwlhn.com,CSE,no,Telugu,AP/Telangana,qxadjetpib,6890903095
Ltwuzpzxre Flshyvriuo,300722714,Male,ilsyjkl@bvuqxtz.com,ECE,no,Telugu,AP/Telangana,sktzbxdmmc,0216325486
Etuzllpvtv Egwzdufvgq,903008365,Male,tegtifj@dcpogqq.com,EEE,no,Telugu,AP/Telangana,nutnsbuyjo,9348546750
Thjkqjwowe Ggqgcmhodm,896335529,Female,nikvwsw@nprzvco.com,Production,no,Hindi,Manipur,lmqdjldjoa,9552488780
Zfrlfgckcx Wrkichzhxp,845759691,Male,rzcdlic@iafhxtx.com,Metallurgy,no,Malayalam,Kerala,ldaezzuxsp,3610255484
Vuulpkhbzj Scnnvwkyhr,602477708,Female,issyarv@cvsysdz.com,Metallurgy,no,Odiya,Bihar,ppicbxvtfc,3922953215
Zqvtmdusnu Bytlbcxrop,928129421,Male,lpqllyi@iyzjhve.com,Production,no,Hindi,Rajasthan,njimaqljjo,8872958177
Vdnvaimtqd Zwthunfdbr,213454719,Male,caruwgv@eyxkeze.com,Production,no,Tamil,Tamil Nadu,hekxfgzwel,5104082780
Ilfdeqmxnl Wpdworoaqi,480103743,Female,bkxxvxj@tsubmvn.com,Production,no,Telugu,AP/Telangana,muzctrxewz,9483909430
Iewfpenvaa Ksqlgdkeei,745905632,Male,goepxhg@yqpterr.com,Architecture,no,Tamil,Tamil Nadu,lmwsjmhiwc,9138423184
Zppykzzbfn Vjexvvnmzg,547188515,Male,bbriggo@nlsjxno.com,CSE,no,Hindi,Gujarat,femaetsvqn,9532286130
Yitcynyhsf Wwtbcapzkc,882862117,Male,yrvkmli@vqhambc.com,Architecture,yes,Hindi,Bihar,seiquxdtcj,2087603609
Lefmcmtsle Eyfjudrtyd,835827949,Female,uvmeuyr@yqmyosp.com,CSE,no,Tamil,Tamil Nadu,zopslfnvki,9278589174
Kseuxwgkvs Cwddevohcw,670445300,Male,qpjjuur@vmjtjdy.com,Chemical,no,Tamil,Tamil Nadu,bvktiwjiui,5875577283
Rjjugemapy Cognnrhoqz,921225928,Male,wnvxxyc@vygdztx.com,Civil,no,Hindi,Karnataka,jenwudaskp,3626304893
Bzizvyhuwv Splctqbpxg,266600985,Female,bmjzagw@qcykhja.com,CSE,no,Hindi,Chhattisgarh,oufwgbmczn,1642034968
Teagprvfpa Nvjxfmvzwk,949885370,Male,ckugweb@funnzeb.com,ECE,no,Telugu,AP/Telangana,aypmamywsj,6419997940
Mrrkiejbdn Zfpylvuqpv,880754346,Male,bmkcebz@gcgdyhi.com,EEE,no,Telugu,AP/Telangana,nidqmlmetf,6076093550
Htynctpvdb Gzgrolipon,410127743,Male,sziwomu@xdwwojv.com,Mechanical,no,Odiya,Arunachal Pradesh,pyfmeacwxz,1102922004
Ldjsxktdqk Eddycmdyvn,277866019,Female,qoerzzp@iluuwbc.com,ECE,yes,Malayalam,Kerala,xrxybnntse,0817278763
Iecflrugim Vhponaiuls,131662400,Female,ufkkmsh@kodmfaz.com,Production,no,Hindi,Delhi,jbjsouypqz,2306869415
Dvkdjiokxh Ugfasezzge,343667570,Female,fgmyypi@ltekqpe.com,ECE,no,Tamil,Tamil Nadu,wbblollfjy,0885177742
Tpwnigczpm Vxogljmdeb,781888674,Male,wsiqjss@lrxgebi.com,CSE,no,Telugu,AP/Telangana,pgaypstghn,1198090764
Kbcjmvskkl Zhopfhaind,515591089,Female,iphyxoz@hqkbozn.com,Metallurgy,no,Hindi,Madhya Pradesh,mcaaqakdad,3331375099
Fruspzqgpv Wblveirbzr,764625625,Male,plwjxaj@rjmxqtf.com,ECE,no,Telugu,AP/Telangana,wmlqvlviwt,0750289057
Xbvnskhenm Vtxrtdodql,056901984,Male,zsmuexv@zbcdasq.com,Civil,no,Telugu,AP/Telangana,wdyvczbkyu,0535916128
Dqouqvbycy Jjgdfqvedy,283674792,Male,ltjangh@prjugba.com,Mechanical,no,Tamil,Tamil Nadu,dnvicbybxj,3995108505
Tbxejxinoc Wpaxobjkct,828821071,Male,eujcoey@kjnyhjx.com,Production,no,Hindi,Himachal Pradesh,fwqgvojuhw,6672903549
Mgijyszlef Blxgpwmxbj,652688772,Male,rsmojpm@cfllwpn.com,Mechanical,no,Hindi,Haryana,pcnrtlhblo,3195405144
Imrzotpkfh Eazrfhrgmb,779635899,Male,hfgoibf@gckapbo.com,EEE,no,Odiya,Tamil Nadu,fhfyrrbwvf,9590219546
Pgojsyywca Qfifexudah,518285275,Male,hqyzcrx@anrygpv.com,EEE,no,Tamil,Tamil Nadu,mxripdrbsz,5011168801
Kfmoquzmcp Rjaszbcdsz,935662738,Male,zrdnwvm@vvupgct.com,Production,no,Tamil,Tamil Nadu,kmphjevpkk,8262837105
Zdsjiaqzir Pycxnxghjy,645909108,Male,jrykozx@skianuu.com,Metallurgy,no,Hindi,Madhya Pradesh,eetarmbtym,2391211774
Gbcbtykakk Bihkqkpqqe,690874122,Female,vupgmgk@kvzpswn.com,Chemical,no,Hindi,Chhattisgarh,pkqwkzaayx,7483459250
Unxoosjfae Gfhgjjpsho,847554970,Female,vnystjy@bhacypp.com,ECE,no,Hindi,Nagaland,rjmshzoxxq,6973361625
Hqkslvsgcv Rlrloysrjf,681914318,Female,vswmixg@nfefkkh.com,CSE,no,Tamil,Tamil Nadu,fyirbtqcnf,9709636584
Pemakwrwnz Tcqbidvzkf,634664125,Male,mvymbxp@zywfylj.com,CSE,no,Hindi,Bihar,rdeijyqahu,3396117685
Fyqrscgntd Fmbbtpcdvp,760260873,Male,ypqeqyl@fboqeaf.com,CSE,no,Tamil,Tamil Nadu,xexbebpiki,0634657107
Hjxzwjbkvf Qjggdobjxp,797863313,Female,jofoixz@bpznore.com,Chemical,no,Tamil,Tamil Nadu,jwtvoxlkpw,4918775720
Ufjwarsbxa Ihuqjxuifc,627620646,Male,odreneo@pxpfxum.com,Production,yes,Tamil,Tamil Nadu,sekwpacvuy,7775692186
Yrsnuquntt Pwgncrcfqi,328399683,Female,gzpvcwx@lxbzgig.com,Architecture,yes,Tamil,Tamil Nadu,tiqetakywm,0269548531
Pujjxqxkjh Avrozdpwfj,399937243,Male,vjjghhz@nwwehvv.com,Architecture,no,Tamil,Tamil Nadu,ewzuklexnu,0353323220
Cdmygkeclb Wctlulhqrn,624382013,Female,dwdnxao@epqhfzz.com,Production,yes,Telugu,AP/Telangana,ygvrakgyij,1091179114
Xazoorntwg Xabkzgigpe,121499087,Male,bkazfnj@upbltfp.com,Chemical,no,Telugu,AP/Telangana,uccktpxbed,9663005760
Tckoeywvhj Jqvkhcrhcv,203113639,Female,lazszfm@dpkfmqk.com,Chemical,no,Hindi,Madhya Pradesh,ilmyqhsqld,8160986913
Xsvvwtyaka Ronvqiktbr,817380369,Male,ijpemzp@qdagobv.com,Civil,no,Tamil,Tamil Nadu,cmmzqtcipr,5808241616
Cykemwxfoe Gdsdsrxrxe,303481095,Female,ghnrnxx@fplwypn.com,Civil,no,Tamil,Tamil Nadu,qdokhaiwlw,0251118782
Uxaayittqz Rfxhupbmix,679169621,Male,koqisry@mmqveoe.com,Architecture,no,Tamil,Tamil Nadu,xzmtwcwobt,4387526996
Krnhfrtqgy Dlzydvvgnq,354684280,Male,expvgvq@qtywpvw.com,Production,no,Tamil,Tamil Nadu,xjkcykuoct,0293582860
Kddgzdmbny Eokzcruioz,001350937,Female,uqfgyqh@oxtpwfa.com,Chemical,no,Marathi,Bihar,nhjfockspo,8535509872
Trfsludjbz Edbwakdblm,223113458,Male,opuosrj@nbkayxa.com,Architecture,no,Telugu,AP/Telangana,iwldruwigm,3444519700
Gmsfwmoenc Rstkdmnnyq,402200283,Male,gazjzde@pgznfcx.com,Chemical,no,Tamil,Tamil Nadu,phagehqhst,1835510725
Mstsaszxgh Didegkjaft,023093299,Male,mpfrnbc@piknnoo.com,Production,no,Telugu,AP/Telangana,ypokqycjus,1681560152
Vhnnkgelif Vecddbfmvz,792272003,Male,eqbhkfi@mjfwilj.com,ECE,no,Hindi,Haryana,nybynprvhq,9146919101
Zikotrydim Hzhhhfvkbz,297807020,Male,swoewrz@jkjvavl.com,CSE,no,Telugu,AP/Telangana,qbwfvlzysu,1927861913
Qhfvslwlzc Dqyuwqanoz,707478540,Male,xnhuuqk@ohgvjzk.com,Mechanical,no,Hindi,Manipur,lbrjttyllb,4098505916
Ossfcvsqyb Xuuqgyhodl,958241863,Male,xndeqgv@nzrgega.com,Chemical,no,Telugu,AP/Telangana,qkmejjslem,9590665254
Zdhajseiqk Ceaspbiprb,466903872,Female,qgpqezb@nfwlpdp.com,Civil,no,Tamil,Tamil Nadu,vqrndngxzg,7130999579
Eavgrywkzl Nmtsrpxohb,650304724,Female,yprqobj@ovuebcg.com,Production,no,Telugu,AP/Telangana,kwurslwsbg,9940690543
Zogvsuhvhc Hvtvlyvwad,732231800,Male,oldimtj@uhqagnd.com,Architecture,no,Hindi,Madhya Pradesh,kesfsjorzn,8230393819
Oxuhynkkex Gjbkpikksg,804468188,Male,yycqvjs@ssxgyxr.com,EEE,no,Tamil,Tamil Nadu,yntjroivbv,8159252902
Adyrrqpkvs Wptorsadlz,478833308,Male,ptcsuhm@tebsljr.com,ECE,no,Telugu,AP/Telangana,trxgxgsivf,1985633665
Tbrnbzxmts Awuibkzbrg,071613598,Male,dvmkmsx@swwyfao.com,Metallurgy,no,Tamil,Tamil Nadu,durwqdxuxh,1650231908
Cftmfehvot Acfpezuftb,880900143,Male,ksldmlh@tscgbpi.com,CSE,no,Hindi,Manipur,kmgywbqqvz,6138309150
Kwdwrwrtch Wniftwuntq,940440274,Male,hhivkig@doycnxv.com,Metallurgy,yes,Marathi,AP/Telangana,yrauzpdupw,3331021467
Ndhkngsbzr Vivyfnelwl,033074218,Male,odzljbn@jydyjiq.com,ICE,no,Hindi,Bihar,lsrnbzlbxo,0352561384
Zabniiwhts Pehnbkvrvm,080407887,Male,tredshn@nbfnavz.com,EEE,no,Telugu,AP/Telangana,jumxbbshxe,1399417714
Pyuefrigsw Amjvhsftxv,318041866,Male,jjiralr@lhtmebj.com,Production,no,Tamil,Tamil Nadu,ahbqpmuyjk,6299802138
Sezzarlsea Nmwigfnhwp,885692147,Male,ushfpdw@jwafqxa.com,Chemical,no,Hindi,Arunachal Pradesh,hzcwswzjkh,0843893626
Kugttwlshx Fyyyniegpq,608928591,Female,wjpatdj@mmwncse.com,Production,no,Tamil,Tamil Nadu,mwtfcpwbae,9213063574
Qfxyaxevuj Tyttaeknkb,549114634,Male,exknowb@tmhslpo.com,ECE,no,Tamil,Tamil Nadu,vztbxirmyg,8711348981
Lpbflbdcxq Onchhnozzw,683147503,Male,onssxtk@eltotjo.com,ECE,no,Hindi,Mizoram,yegaxzbxzb,0730497879
Abynxsvarp Qppjyrpeha,880737493,Male,lqfzsjy@kvzckcb.com,Chemical,no,Odiya,AP/Telangana,eaoyhbxtpd,6744229576
Ceocxghsje Xjtrbomhky,233538915,Male,dypzbrw@dcifmxc.com,Architecture,no,Tamil,Tamil Nadu,uwefvfparl,1156356992
Hbffbhzjyh Zniuguieoq,088662356,Male,ddrvobe@pbganiw.com,Chemical,no,Hindi,Haryana,gcjqkepmsb,5857388241
Nhvhmjagki Ackkqxylag,409703229,Male,xbdnboa@gdzxilk.com,EEE,no,Telugu,AP/Telangana,xtdfxapyje,6920107122
Ssmajznuuq Mwoqwexzzf,147233396,Male,lkrpidt@ayueyaw.com,ECE,no,Telugu,AP/Telangana,zjrmudvbkn,7547535510
Jnckckivve Slqaxzixqc,506650189,Male,mglnbag@xwtjnni.com,Chemical,no,Tamil,Tamil Nadu,dqywlzlpvv,8024190892
Gnwumgziqv Beueqbbcyi,892111110,Male,lpnceam@glqbvuq.com,ICE,no,Telugu,AP/Telangana,boqdjwwidh,0992054286
Bszddvktwg Jddohtsabq,173189745,Male,natjaax@zudzako.com,ICE,no,Odiya,Uttarakhand,vxjfbrjhqw,9943042848
Yyqtxwywxx Qcbfqurffc,252668971,Female,wwtmgmh@uqwpzhr.com,Metallurgy,no,Telugu,AP/Telangana,laxgqcvcdr,7020353196
Cgygqszzup Ykhwrxskoq,820231102,Male,lebwtjk@etxadfu.com,CSE,no,Telugu,AP/Telangana,ptuykaibyu,8427435885
Xxhunfcjan Jxixjuqvcm,424317767,Male,dzbmnac@wnnrkpr.com,Production,no,Tamil,Tamil Nadu,spffxfyqqb,4646412348
Bobbnjjjgi Tlgsqqiyvd,807746941,Male,wowrtly@xxgnoym.com,Production,no,Bengali,Tamil Nadu,dfutatpwan,1034502172
Nrjgdczqql Fjhrlpcyzh,010090211,Male,aptbscn@edahoqi.com,Architecture,no,Malayalam,Kerala,nojoxykfgb,1403681515
Hryjxzaivo Ugbqxmzwxz,720235593,Male,nafqnan@vrelxar.com,Chemical,no,Tamil,Tamil Nadu,dhpomlkigr,2450868487
Ctfspkzdci Afnwiwflsa,871959788,Male,hgmrkwq@ksxwmnb.com,Architecture,no,Telugu,AP/Telangana,akcnglekzk,3178184418
Qbmboislgo Ziltnyyrkt,311037280,Female,ebolxhl@tezszcw.com,Production,yes,Hindi,Assam,sjyjaqdpao,6255404486
Yepcrgytvw Xyfwjudcgc,636269275,Male,jkwhajp@paqrngp.com,ECE,yes,Tamil,Tamil Nadu,mfeqtiwiyh,1769762453
Xojfsacutn Aoxknpfmki,339538623,Male,sqcyvii@sefvcxx.com,ECE,no,Hindi,Meghalaya,rhgrostgtm,0075234405
Xfgzeifbke Rbueklwkgf,454241999,Male,rmfdgfs@wpoqlli.com,Metallurgy,no,Tamil,Tamil Nadu,ebkwnkzyid,0860600917
Afnfzwkoky Puzmodragc,930393906,Male,jmhiyyn@kxtteum.com,ICE,no,Tamil,Tamil Nadu,uglevilscd,3849668730
Pzjnokliim Wbrcondyeb,969491307,Female,armuycq@wdjcken.com,Chemical,no,Tamil,Tamil Nadu,wvejmdcvyi,7043132275
Lxknlrhqxj Ulyyxohcvg,946853327,Female,cvuuzgz@awaumnw.com,ECE,no,Hindi,Maharashtra,znwumnarva,0771348809
Jkiyctaycw Zcazctrgke,801788670,Male,hgqebbz@rdtbkxn.com,ICE,no,Tamil,Tamil Nadu,bxjmwyfatd,2387254504
Wqueawwebf Vgyrxhahrz,767401033,Male,mahanej@yrqjbos.com,Civil,no,Tamil,Tamil Nadu,pzmmqtcbmn,4407220444
Msumxuxivs Iusxfrbfeq,669237377,Male,iqcegzg@gcdkiwn.com,ECE,no,Hindi,Madhya Pradesh,clwujpkmjp,9172861983
Quxhektyag Lizknhykcl,095541569,Male,fbeiepx@pzjfkzw.com,CSE,no,Hindi,Delhi,sclwhzxqbw,5235252286
Voefflcxrg Vgaoaxopna,815113527,Female,ywqnowf@bqaavir.com,CSE,no,Hindi,Gujarat,akjfdkyvkb,4943139150
Amnnukolfd Gimohfdpkj,882673473,Male,btvwcgz@quphrin.com,ECE,no,Malayalam,Kerala,gafjsmhcgo,0600456087
Ymbjjaoqjf Vljcqoisii,347824803,Female,cruykja@zrjddft.com,Chemical,no,Telugu,AP/Telangana,oretrelylu,8073517455
Hywllsbenj Amuonxpcti,954070845,Female,pcmqymu@jyyfdsh.com,Civil,no,Telugu,AP/Telangana,njokrfgapz,9456146489
Ycaeaiqvrm Njwisyviep,003202799,Male,megbkey@mhwepto.com,ICE,no,Tamil,Tamil Nadu,jrxwctkhzq,6954204942
Ildnrqvpyu Fgsdjrgyyo,935967735,Male,eryhoeu@ddqjpkq.com,Chemical,no,Tamil,Tamil Nadu,rqkmitqtxr,4287476231
Gkkgdmwjts Mpbzadjviu,308561897,Male,iiizoao@lczqkmk.com,CSE,no,Tamil,Tamil Nadu,prenarxbks,5916640011
Dnhrzcvekw Aaawrjhbhj,735423537,Male,xrojyja@ypksaea.com,Civil,no,Tamil,Tamil Nadu,wgsaeqpfbm,4265805041
Snzzsolvdh Ssmoxszqyf,869878860,Female,lbasfyf@nlthqyc.com,Civil,no,Telugu,AP/Telangana,ptfgzfyupb,5652484151
Mvrsxilzvz Jveizhnnny,700737402,Female,izwolko@yiltxpz.com,Civil,no,Tamil,Tamil Nadu,qqhnnoputs,1497147665
Mylzfsyfkx Dksqqhkrjb,362701738,Female,yfghqmk@svscjag.com,Architecture,no,Tamil,Tamil Nadu,xblpojicvs,1535758268
Adisnarliq Maeaknwesj,978877601,Male,mmlwqyd@lylfljm.com,Mechanical,no,Hindi,Maharashtra,uxoiyhxzkj,9164409647
Dbkvuzkjir Fdtfrynrlw,952609298,Female,bocjmby@trbrqhz.com,ICE,no,Malayalam,Kerala,exfqfxgism,2947532245
Bloywxvbxw Kjwydqxvcp,783203495,Male,mffgqxi@arcyikg.com,ECE,no,Hindi,Maharashtra,hnnwiitlcp,6161594971
Fksnchwgnu Prcaohqzkp,961550262,Female,xrigscx@izwhpud.com,Chemical,no,Telugu,AP/Telangana,nprjzfibwx,3438686409
Aefuzmesmt Qltxyufpnb,461420795,Male,yxrrrqs@mkzjuei.com,Metallurgy,no,Tamil,Tamil Nadu,qiunyczxgd,9049999233
Hlwggqgibp Eitdpurgqw,405524557,Male,dqcbmyq@ljtnrkp.com,Production,no,Tamil,Tamil Nadu,eyvldxhmbe,6197593636
Iyskysfwos Eylkfgafnt,227411427,Male,djrqrsb@vrrmeax.com,ECE,no,Hindi,Uttarakhand,jjmcaxrrju,2162252600
Gwniojhckh Qyxvtagdqz,908249353,Male,dzclacz@pwadxls.com,EEE,no,Malayalam,Kerala,ujamtdbwkh,4144869045
Llczmxfllp Bryxnckicx,548008487,Female,egknson@fpukssc.com,ECE,no,Hindi,Meghalaya,lxiqdnrvaj,5917291325
Mvvjvbvnpv Mkubrffaoe,250347430,Female,bbailjf@zfnzuyp.com,Metallurgy,no,Tamil,Tamil Nadu,fdcltgfzcc,6681229541
Drdwwmnqcz Gvhdekjnht,288864884,Female,qykhfcq@lsibpgv.com,Mechanical,no,Hindi,Maharashtra,vxcafygpnd,5038140417
Qcjrbslhvg Qqcrcyrttq,509205360,Male,wvlxvny@gylwber.com,ICE,no,Hindi,Bihar,qibypsfyjd,3079095789
Qjbqbapdcm Jiwttryxxw,764315360,Male,krdhqjg@vkbawqk.com,Metallurgy,no,Hindi,Tripura,aaqxugljdk,1863170720
Twrsbovyov Jnxysnlnrw,290977615,Male,pwpnwti@nxqaqki.com,Civil,no,Telugu,AP/Telangana,jlvgykznpo,9512891291
Cfbgslsddh Gtjocvjzca,697781589,Male,fzamzyn@yyoyhlb.com,Chemical,no,Hindi,Haryana,ofqgypbwxq,6788854772
Bahjheasub Okyqqhohyb,731584960,Female,itfkynu@cqadmaq.com,Civil,no,Telugu,AP/Telangana,inpvwfzydr,0374249013
Prtfpfjrdx Lolowgzwzj,220317754,Female,xwlogmc@gwsksgb.com,Architecture,no,Hindi,Mizoram,kuqjyamqxd,6051913443
Fjmkpbxewc Drozsjhevr,649856995,Male,znadywk@pwjydxc.com,Mechanical,no,Malayalam,Kerala,xxgkzurxoe,6065934639
Kcptwhkmzg Ilcdkypeky,051952136,Male,swkkykw@fkizkcv.com,Mechanical,no,Tamil,Tamil Nadu,ljksqsdvsb,6441133352
Gcgcvkjuuc Egdbwmvpwe,551242377,Male,dwhecrf@cctabff.com,ICE,yes,Tamil,Tamil Nadu,qdvrtkxwgq,1790699720
Ckdydmqkrx Bqiphtehba,936445523,Female,ljgysrr@kosrxxj.com,Production,yes,Marathi,AP/Telangana,vylxusbqxy,0990514450
Oahuyevzke Sbekmsvpbs,597298359,Male,xmoccxz@vffnlfz.com,Civil,no,Tamil,Tamil Nadu,mksnlgsddz,5994854604
Sfldtwfbsr Yhibbtuuaq,091643448,Female,nytzwnw@aotrkmd.com,Production,no,Telugu,AP/Telangana,tqylarppzt,4272194746
Eugzwblrob Iagabuhvaw,363734358,Female,vkbalzg@ocpepav.com,Chemical,no,Tamil,Tamil Nadu,fgmmoahnvn,2677207779
Srdplqvjnd Zufvawosjb,359278662,Male,tgdopmz@gbmzqai.com,CSE,no,Telugu,AP/Telangana,fdileqpwjk,1524549774
Ehvvqgfzak Pvygwqflmf,073896250,Female,euuxpgs@uhufmra.com,ICE,no,Bengali,Bihar,oonnjafiql,5184572426
Jyjcjblqay Ycbgdjgvxw,564157050,Female,bpgonyz@tcmirmu.com,ICE,no,Telugu,AP/Telangana,qpmunantvs,5099889648
Pbmzlkijjg Fmwgtjqkde,512488284,Male,cuwahxd@unjqugg.com,Civil,no,Telugu,AP/Telangana,szrhaioanc,6999881937
Tnxycaryev Lpibxgfonj,898638091,Male,ahrpcwt@skkzryl.com,EEE,no,Hindi,Meghalaya,puuzgmgdut,5919220528
Ewmhhfoheb Ijejssaixa,339930396,Male,fdygyed@vwpvhyq.com,EEE,no,Tamil,Tamil Nadu,itaqiqtspt,2060835320
Rjjnnagbye Jajvjjdpev,329099582,Female,ejgefqi@gnfkvwx.com,Architecture,no,Telugu,AP/Telangana,esbwukhkto,2427294561
Bphulnrpjp Njmzolgrps,469880488,Male,lbsivmu@bafdtzs.com,EEE,no,Hindi,Arunachal Pradesh,zewyozxckt,3373017673
Gulcfplenc Tarlehautp,423826036,Male,wzgynph@qbutskn.com,ICE,no,Telugu,AP/Telangana,gdrqvkimlk,3509721582
Dyhbaiakoq Jakthvqowa,916990261,Male,odudvpc@mxdbndv.com,Architecture,no,Tamil,Tamil Nadu,yghcwbhzxj,0604416343
Qmgdnyboxz Qibyayjdsj,882945971,Female,vqdlgcq@kkyunig.com,Metallurgy,no,Hindi,Nagaland,ewkkpxzezq,0445957389
Wweqmumvhn Wvujhzlznr,931075315,Male,zmjwjyg@mjxgafh.com,Production,no,Hindi,Bihar,uwdufdyeft,7565223169
Qgqjxwbtui Efhlfwulit,075665344,Male,xttoezh@hdouwsm.com,Mechanical,yes,Tamil,Tamil Nadu,fnyzisikqf,2571885619
Fmreupjeio Roagymfjsz,806546273,Male,ytfijcf@maqkooh.com,Chemical,no,Hindi,Assam,qdskdaxtju,2770089930
Ljdjpzuoul Pnzyugzqbj,710880793,Male,botcapm@dlyjpwo.com,ECE,no,Telugu,AP/Telangana,rzpiisqwof,8269613970
Pifdwmqrex Ifqhjhbtxb,289947657,Male,dxijutp@fshttjj.com,ECE,no,Telugu,AP/Telangana,iopjhzqadm,0762316533
Xwrkemlsvi Jjflksyguy,805707959,Female,xvehbib@urlokih.com,ECE,no,Tamil,Tamil Nadu,focezfumfn,0381085424
Mghrgsoitd Ravyjfmgpf,471471360,Male,ioyighb@fvvsjup.com,EEE,no,Hindi,Sikkim,uxbsmjjsvl,4263932571
Atajcqslmw Fcrcakstbx,909933630,Male,gpgwzil@argqvrd.com,ICE,no,Tamil,Tamil Nadu,cjzkclcztu,4998510413
Ddbdjewmcv Uyilyhbfjf,233405131,Female,sdpvzor@hpxlszg.com,Mechanical,no,Telugu,AP/Telangana,tzrdoajeqi,1480740095
Lryyhjwjzn Hdbzpusnma,601061755,Female,zywmusa@fzkpkwf.com,EEE,no,Telugu,AP/Telangana,grjcrnxzex,7154694782
Ehzzvoteyy Embmfdkwtw,039372717,Male,dxkfhid@njvogju.com,Architecture,yes,Hindi,Jharkhand,bxwylzvbsc,1718477280
Imntpsnyqw Zrpcaluhnv,258647280,Male,cysgzaw@frsczgv.com,CSE,yes,Telugu,AP/Telangana,smkrbtqjao,0287309791
Veagjhvdlm Dtptgcpiwu,190624398,Female,aqiiqju@hsobytu.com,Chemical,no,Tamil,Tamil Nadu,hmyjpvxcoa,5332298568
Jkavlpiwpo Fulixcwcgx,522172480,Male,immjroz@kzcseez.com,Metallurgy,yes,Malayalam,Kerala,xdklcwqnfh,6911435747
Bvhjolmoaj Eroiormbnk,553190195,Male,raqoqox@vkrtxfh.com,Architecture,no,Telugu,AP/Telangana,jofyhccpud,2873415367
Zchtgwnrri Zbcbaucudr,178206747,Male,ubfjeuc@fharzbo.com,ECE,no,Tamil,Tamil Nadu,kmnybgnpis,7752704139
Hjsnjvtgmz Urbprlvwsk,314060551,Female,nbgrseh@tuvdrtw.com,Mechanical,no,Telugu,AP/Telangana,mcfictrbyz,2152398287
Fviqqephon Qzhavggtxr,015728890,Male,diqbfwl@fghgmrs.com,Chemical,no,Tamil,Tamil Nadu,cagttfpvnl,4832378080
Hiputkinlr Gbzwpghcoa,977337293,Female,ovyygju@pietpdo.com,EEE,no,Tamil,Tamil Nadu,qdzbtjhopj,6932793987
Mobelrazrb Njzbgtnxcb,959954307,Male,furctps@cgjtute.com,ECE,no,Telugu,AP/Telangana,ihzfbswdzc,0974073414
Pxzqlahmqx Arbxxofwcg,305115306,Male,tcrqnwb@ihutznf.com,Architecture,no,Tamil,Tamil Nadu,blknzuvqri,3006198865
Tvdcqhsqwp Aprkdxjynr,987893349,Male,rrvsnvr@guizbux.com,EEE,no,Tamil,Tamil Nadu,ufjlbfdwov,3115634516
Tfjyuymgxr Mmamxfintq,207956220,Male,vakbpwm@mxhicgq.com,CSE,no,Tamil,Tamil Nadu,iockxpqhyp,5704596036
Shlllefnpr Vbpgsqbgpc,639724789,Male,yklcgjk@rnvijjz.com,Production,no,Tamil,Tamil Nadu,ubuuroligl,2653896019
Vaocfucotc Flwcodgdte,700814847,Male,fqphkpz@ohbtmgd.com,Mechanical,no,Telugu,AP/Telangana,yboytckiay,2403622138
Szxxzhhuca Znqdlgaivf,722191882,Male,hbadsjn@bavgtkw.com,Chemical,no,Tamil,Tamil Nadu,cjovfctwdf,6361811877
Zukxqefdgf Blsygiandx,188403565,Male,mrzddhr@lbcxlcz.com,Civil,yes,Hindi,Tripura,dhewhdgqnr,9731652696
Nopguoxaej Ajvmyrigjo,013346905,Female,zhzeont@dhkzbob.com,Production,no,Tamil,Tamil Nadu,lztqxpuhwo,0910288453
Rjapjeficw Noxyleppqw,690191271,Female,rdvskse@sznbcyh.com,Civil,yes,Hindi,Arunachal Pradesh,awwudbpvhn,1225556612
Qexgecupxx Rpbsicglwh,939115234,Male,hhfxlep@dwrwlqy.com,ECE,no,Telugu,AP/Telangana,luznptaieo,2802076397
Eruejnmdmx Klyltaewza,583005212,Male,maxsixz@dkurkwn.com,Chemical,no,Tamil,Tamil Nadu,ragtyfpqdz,1241144529
Qbrrnrakmx Jhaiqrdfuf,282955801,Male,ztrdzwr@znyxbit.com,Civil,no,Tamil,Tamil Nadu,kzhpfehjnm,3590018564
Qamrehsibk Ellxjjmsie,371672254,Female,nugwzjg@lfjiajz.com,Architecture,no,Hindi,Himachal Pradesh,hpqljcbthh,0633132599
Phvuoiujpu Aazoizrzyd,498931458,Female,bxecfkr@ddiubxa.com,Metallurgy,no,Hindi,Odisha,dlkhozvtfo,4420687552
Gykpmlpayw Crkzwaiguu,736802199,Male,tukwqxy@halzldq.com,ICE,no,Telugu,AP/Telangana,hvsirzkdef,1614084916
Cmftulhmix Yzlponwbyx,610964790,Male,jnjgsco@gaxpjyx.com,Mechanical,no,Telugu,AP/Telangana,fjypeakzay,4335458649
Jgzubhhbjj Ztviwrtghz,843615848,Female,xvghaxi@dntgnvw.com,Civil,no,Telugu,AP/Telangana,rdmvffficj,1955558277
Vynqsuscla Bsmhzeenkw,946921442,Male,fjfasmf@eautwgb.com,Civil,yes,Malayalam,Kerala,fyibtgstzd,8920448707
Fbbznuydyx Jvsrzhmhfv,835855167,Male,jzhkcuq@tdlwjhb.com,Production,no,Telugu,AP/Telangana,idixfazsbk,8703049634
Fsbntareez Knvmsjckjd,680428959,Female,gwjeodc@kiistmb.com,Civil,no,Telugu,AP/Telangana,xztqclpdih,7536457453
Ryimeswtwg Iatxjtnrsj,920548940,Female,cepbsms@vjeammz.com,Chemical,no,Telugu,AP/Telangana,saxopppqhg,2052648922
Llfducmiym Ztulfdpwov,796695361,Male,txfxnat@vpmlzgt.com,Architecture,no,Hindi,Uttarakhand,jsbhoudnjf,9320809071
Vcmexqfzag Qujhwdiswq,928146551,Female,mvogllp@byzezos.com,ECE,no,Tamil,Tamil Nadu,ndsmzsplrf,2967269372
Wbefowkvbm Vcxotfebqh,995552125,Male,vjzafzr@hvwhmes.com,Architecture,no,Hindi,Maharashtra,ltcsgauwmz,4820314480
Cewleptqxu Dulmrqovyp,362137255,Male,ocmujlq@tvobpkb.com,Chemical,yes,Tamil,Tamil Nadu,ssoaogkhhy,8256752344
Oqzcteccyl Fellbsbnoa,090860460,Male,eqmtbxx@ksmstxa.com,ECE,no,Hindi,Nagaland,htskjjwrhl,9714349768
Gtdfvkdvlp Ufyirmfylt,989793161,Male,vytpspi@vtiuxfd.com,ICE,no,Hindi,Meghalaya,bgxjhcagem,5369761561
Ulewkolzdn Afjeveklmp,526436574,Male,ykrsjlb@zhbstuf.com,EEE,no,Hindi,Delhi,lmgjxjlrmq,5633020167
Skoignqieo Ubroogbhyn,862609705,Male,afnatmh@qjecoqb.com,ECE,no,Telugu,AP/Telangana,jvoptgmyqt,4437598850
Kyryzpojel Zxzegdbsfo,152145499,Male,isuriem@mccxzga.com,Mechanical,no,Tamil,Tamil Nadu,ctkotfnjwd,2253514172
Vokshkrufv Dalcojbaag,582701665,Male,wsqxpeg@risiopx.com,CSE,yes,Hindi,Chhattisgarh,wvmgdvkkxr,4976902392
Okaycdxurw Jblcyapsgh,212792596,Female,iqahuyh@qbvqcvf.com,ECE,no,Hindi,Madhya Pradesh,ojwgachkdi,9072752382
Vtcuqumctg Gnieopgoyo,256644639,Male,tjwxsrn@tfqctme.com,Architecture,no,Telugu,AP/Telangana,exsjucpefl,0640898267
Wdhpjsmhqt Kmwvurabjc,076368308,Male,wuknabb@izexvxr.com,ICE,no,Tamil,Tamil Nadu,jkbsgyjzhf,0759701212
Eogyfvhejv Dcwhsmcfcf,187677965,Male,iwfnuzf@dnmtden.com,CSE,no,Telugu,AP/Telangana,lraggpufdk,8260348813
Jvbrhcbgnr Qcjdwdhiyo,793477623,Male,swbtqgv@jdttvon.com,ECE,no,Hindi,Maharashtra,secvnxbyrs,5397488734
Mmpdtgksrg Lrafrdbhsr,627550148,Male,roiicev@fonzgvc.com,Production,no,Hindi,Uttarakhand,esnhbuvehu,5178714515
Hjdzuohbxi Gskjlqefxl,584035487,Male,jhtuuho@biwuexu.com,CSE,no,Tamil,Tamil Nadu,qemctiljvt,8996562627
Yxrbyhgogn Ilpjhghvmt,761136041,Female,iutueyw@xoepgqf.com,Chemical,no,Malayalam,Kerala,idftaexdux,4668447307
Epjbzpiiqk Iwbuebayfu,061338101,Male,dkavfnw@nzjpelb.com,Production,no,Tamil,Tamil Nadu,ydrfldrpnk,9029855940
Juaaxxrnyn Hfvwhmyjwc,871776572,Male,twovoip@lovfxkr.com,CSE,no,Tamil,Tamil Nadu,pwuwgdxaxs,1929148400
Ekhfjfbzfw Ythfdnqqvb,944479255,Female,upifzir@ajayqnv.com,CSE,no,Bengali,AP/Telangana,gqwlpqqntq,0099402322
Oxfdstozsc Yjvbjnblaq,255521648,Male,jlrcjwm@larrpwi.com,Civil,no,Telugu,AP/Telangana,ehmmywrnxf,9265928694
Enixwcagev Yepcxqptne,451803930,Male,xzbnilp@tohrkkh.com,Chemical,no,Telugu,AP/Telangana,cpyvzvynix,6103639027
Vrnliysdwi Cpserwbvfc,011190436,Male,ejtzzzx@wxwrztu.com,Production,no,Hindi,Nagaland,amvrnawsvs,5700461353
Afjghigjuz Kvlfqxmqau,468280131,Female,xdikrxs@zfnkpya.com,Architecture,no,Tamil,Tamil Nadu,kvxjoboosv,6693337373
Ilieepwfun Wscbnfpdln,755834124,Male,mavgmnh@lgsyzmk.com,CSE,no,Hindi,Bihar,pqaitzbjnr,6457214556
Yfxynssgqv Bvgmiiluyi,674740436,Male,frzskls@lzomtyu.com,ICE,no,Hindi,Goa,knvkzrxdem,5701931726
Iorkzpfevl Qbbtpzhulm,192222198,Male,fuvlxja@flzofgp.com,Production,no,Hindi,Uttar Pradesh,idsjzrhwrz,9349580179
Avjxbwdywm Qnmbcrynoj,224066751,Female,nvdzytt@yogjhtc.com,EEE,no,Hindi,Maharashtra,xyqxebzlaf,0072597886
Mtnohorrlg Odqxmhivhk,045842888,Female,qnknwjx@uwyofkp.com,Metallurgy,no,Telugu,AP/Telangana,ltagnberis,3283826638
Ktbzywikki Hxpexxhvxk,703560456,Male,wqaifhp@nnpcudd.com,Metallurgy,no,Telugu,AP/Telangana,cbkoslwfhm,2717690917
Mnjopxfhcw Wjkolcegnh,536636590,Male,tydqjmi@ryxkmeq.com,ICE,no,Hindi,Maharashtra,xrzncrwumz,8044330389
Ibhfjbkxcn Fpujmdqoyy,239559061,Female,vspvyav@sfkziyi.com,Chemical,no,Malayalam,Kerala,cegqkykphu,1097065906
Hrpsielspc Bzdsrgkbzi,455806180,Male,ejwcxzq@fbldgwe.com,Architecture,no,Tamil,Tamil Nadu,umrtcoqkpm,3365687513
Bonozoayfs Xikceevqgm,030385103,Male,ebxiqyx@sxszhsq.com,Mechanical,no,Tamil,Tamil Nadu,idrvbswoym,6176706922
Kzuwqmgzmw Dfrvbokdjn,099745240,Female,yecrrgy@psxhgdf.com,Civil,no,Tamil,Tamil Nadu,ccdgaztrmk,0676317046
Tcdyirdhsf Rdwzokbmwr,519560938,Female,givzpau@xeserjw.com,Chemical,no,Bengali,AP/Telangana,fdphqmukcn,5127210340
Bydettscaz Veymixjnng,471677697,Male,yjmieec@nqzbjdu.com,ECE,no,Telugu,AP/Telangana,ipsndnrluc,0507394514
Husdtmkwuk Lsxxmadasb,896819821,Male,tiqoist@vjmxhww.com,EEE,yes,Tamil,Tamil Nadu,rdnzoyqrzj,1902558729
Kvnxgbpuxw Ehdmzklupj,417323360,Female,tkduvol@ujcooip.com,Metallurgy,no,Tamil,Tamil Nadu,zgwurowbei,9489539730
Ayxqlwmphj Wizdtvrynp,463944072,Male,irmkyrp@pjacidz.com,ECE,yes,Malayalam,Kerala,bisxnobecj,3265093110
Oajuelkkmy Wvenctkdvf,036732332,Male,zjddvip@rpaqrvf.com,Chemical,no,Telugu,AP/Telangana,zqcsmwzsze,8089480095
Frkuxgxeff Bkqnjeygvd,541043042,Male,nihzpjt@aottruq.com,Metallurgy,no,Telugu,AP/Telangana,yxjwlrpuuo,2671046764
Louendrmti Ahocqreyds,999122526,Female,raszdko@yofmljm.com,Chemical,no,Tamil,Tamil Nadu,lmhbqswfaj,6436032584
Ygyzmvrsqw Imkejvfrul,300668406,Male,qcskuow@jleaccc.com,Chemical,no,Tamil,Tamil Nadu,qqlyybmlil,5896517389
Htwnrifjbd Ogpmmgtqxn,032186664,Male,vejaocb@pluzuyc.com,Civil,no,Telugu,AP/Telangana,iudxtcezss,2004176839
Bsiwrcfbpu Upuqjhojns,168231674,Male,swtkrta@fudwhcc.com,Production,yes,Telugu,AP/Telangana,cdmwkfqkag,9737694709
Algcgsfpuh Ytxkhihqnb,889592510,Female,ppwnmpu@odwwzcf.com,Production,no,Hindi,Bihar,iqluqvcgnv,7405879414
Atnocgzrhd Srqruyhhzd,677212687,Male,iyvbmld@jnxohnf.com,Civil,no,Marathi,Bihar,surdebtzjk,4426829754
Xjksukjmdh Jchudpwrhj,192363064,Male,dkchxmi@jkpnfzv.com,Civil,no,Tamil,Tamil Nadu,fajldmokkv,8231240273
Nvsuovkxxj Nvfwgkzakn,302140916,Female,vfyyqdd@vftczlb.com,CSE,no,Telugu,AP/Telangana,waokmbnplc,7068167557
Dnbrdrbeya Flzbbihjin,543880078,Male,ovdssoe@isfubiu.com,Mechanical,no,Telugu,AP/Telangana,dhbdnmvccx,4585033401
Lnongvaxph Zswzagizwm,441002620,Female,fsttwmj@cwtjqla.com,EEE,no,Tamil,Tamil Nadu,itspdezzfd,8430930131
Huscddyyfj Vdowitymjv,804182953,Female,nkcxzbk@aqiuvac.com,CSE,no,Hindi,Bihar,ycpbyesxfs,2657073026
Qizvytvkhw Hnutjllizu,435689496,Male,mdjpkhh@luaqpyc.com,ECE,no,Tamil,Tamil Nadu,bhbukbcgjg,8932765143
Oltllsgsqv Dcwueuqniw,876749330,Male,yrmavec@orrpppf.com,Architecture,no,Hindi,Karnataka,lnxlraewmk,9517587091
Ccsbepdxsx Qpurhefwng,890903161,Male,uubymzy@ojqzgcv.com,CSE,no,Odiya,Arunachal Pradesh,bopvsxmuzp,6106819170
Invgeacjsa Lribbvpnys,801128263,Male,mvdulyy@droqekv.com,Chemical,no,Telugu,AP/Telangana,ahrztfhmpo,5403628002
Sevloiehvv Mjeshgaqji,256052109,Male,btnovvl@kdijvts.com,EEE,no,Hindi,Maharashtra,multsdizmi,6445178755
Vptlljbdwk Qugqqnhjse,474849580,Male,gjqipkz@mfkpatn.com,Mechanical,no,Hindi,Maharashtra,xosmwixcuk,1772077476
Yfpobtkdpm Vkjymdzzyn,555459094,Male,ifbpcnk@yqafmaj.com,Chemical,no,Hindi,West Bengal,ntzhdfmhkv,7195695415
Cgazovcxmv Wefyppzigx,916648222,Female,nfzuwjd@ofcdtba.com,ECE,no,Tamil,Tamil Nadu,qikwmscsxp,9036925129
Bqtisuhouz Egcimianvt,501207648,Female,myzqwdf@iosgpvm.com,ECE,no,Tamil,Tamil Nadu,qpyprrufzd,3460056869
Dkxlbwxfyv Maxiliwqyh,815628195,Male,snuzwqy@knojttk.com,Chemical,no,Bengali,Tamil Nadu,byijqeuidq,2849099703
Upvqjmbaxx Ncctvwodty,229751053,Female,gydcmoc@yunhsci.com,Civil,no,Telugu,AP/Telangana,jpmffaxcfm,1054422304
Vxrdirdtit Fpsazibphf,309992748,Male,wdlmmpu@vfhkjrf.com,EEE,no,Odiya,Tamil Nadu,rkxooyhrvp,3531144311
Etkjvxnero Bhndzwupte,802934577,Female,trvsyjk@qoqpfzg.com,ECE,no,Telugu,AP/Telangana,fzvzgdqtfn,4297061251
Vmiulahakx Eykbywziuh,902746833,Female,fgtjzut@knvwcgl.com,Chemical,no,Telugu,AP/Telangana,rssdankyoa,2010169132
Zmoanfjbnz Rnpvcdgchd,788581006,Male,anjjhtr@itlwevu.com,Metallurgy,no,Hindi,Bihar,sapgjodyrd,8369875966
Nxjvqvirui Rzzkdkgkvc,164242540,Female,nukvbpp@mqfbkow.com,Metallurgy,no,Hindi,Madhya Pradesh,iojojhvnoq,6718439117
Iaypbvsepq Hoqyyrtfvq,530438878,Female,ekanakf@lkihuaa.com,Chemical,no,Telugu,AP/Telangana,xpasebyzqe,2596488486
Zzutfnoamf Moujorxfvx,930705997,Male,yaovkjo@kbpskds.com,Chemical,no,Tamil,Tamil Nadu,spmdgtddkp,1628998958
Ebdagqyayj Clmezxageo,031899315,Male,mxyaapw@ihysevo.com,Architecture,no,Hindi,Manipur,gzrkbhkepw,1552498356
Ynyndlpnat Kalpnsjvfh,144782144,Male,dxvbtql@goaglcx.com,Civil,no,Telugu,AP/Telangana,skevxgchaj,6078632237
Cfwdrhdnrr Debgtzasjm,231029333,Female,korwjbp@nqqgckv.com,Civil,no,Telugu,AP/Telangana,ybauzyjgot,9411393547
Epudhiceqv Ornakxtnni,554227480,Male,lwfctvo@ihvmzsp.com,Mechanical,no,Tamil,Tamil Nadu,fprkbnvsfx,2551397880
Jxgaurijor Ypbcgyaadh,685097980,Male,jdfkxbo@rtwzqzc.com,EEE,no,Telugu,AP/Telangana,hdmldylhml,4853988004
Lgsrttfydk Keiuuvzots,858892435,Male,igttjbr@tiqiodm.com,ICE,no,Telugu,AP/Telangana,cepykvrbpy,4254579915
Sugfpshgrx Hjjwyhaceh,407668848,Male,ejhrxua@agangas.com,Chemical,yes,Telugu,AP/Telangana,epgyqxhjdv,5997920185
Emgfzbchga Oyhguttugn,900131586,Male,kwtkoid@rkeimku.com,Civil,yes,Odiya,Meghalaya,vptjxqwibc,0046434751
Ijqivtzcog Zswyetwasp,337468020,Female,icrbpfg@oscawcs.com,Chemical,no,Hindi,Uttarakhand,ocflddekoe,6414559618
Gugsndxbfp Nvtkfdczuj,639646801,Male,xsuskxg@wzslich.com,Mechanical,yes,Tamil,Tamil Nadu,ngiysjffdd,9640451373
Idzfrasvsp Trwxcayhud,581402529,Female,wulixgn@ossuphu.com,ICE,no,Telugu,AP/Telangana,gwcjrryuza,1885124248
Mytvwayvff Ccrqzlmxwb,318003627,Male,drzxckt@pftynke.com,Production,no,Hindi,West Bengal,mizvepycqb,5678011456
Pukiiveitb Qefegktezf,529111621,Female,wvcajfy@gjeajky.com,CSE,no,Tamil,Tamil Nadu,sotoyzpuqs,7219439692
Whvgrawezu Tyqbyalobk,438945744,Male,pvromff@feaodle.com,Production,no,Hindi,Karnataka,cozuumppbk,3665806666
Axouxvcwdy Ppgpwmnijq,496756081,Male,dmqcura@sikrmqq.com,EEE,yes,Telugu,AP/Telangana,ksrjzonyoc,5893923743
Qgjbnaicky Vjlttlsnpq,130148661,Female,nrshawe@ufduqdl.com,ECE,no,Hindi,Sikkim,jzkiareqmf,5318646730
Qlcbldxbkj Fgkypdlypo,564588107,Female,mcuuvfl@tsmrbfl.com,Production,no,Bengali,Manipur,hxmkhbhcyr,7009039924
Iowvtnppcu Dndzztqrvn,208505487,Male,mtsvtlb@jrexpip.com,EEE,no,Tamil,Tamil Nadu,zqefmvxvlr,5766670666
Igsaywakkj Lzttpjpaxo,563675256,Female,cdfdehv@rshmmlx.com,ICE,yes,Tamil,Tamil Nadu,yfcafnfluv,6621282016
Joortczhgr Vnrivzkohf,659797757,Male,snhzlln@yejlrgs.com,Production,no,Hindi,Bihar,ogmpqchzyh,2140434843
Eyzryzckac Chxdurarzc,636982477,Male,memlgkb@ztmibkl.com,EEE,no,Tamil,Tamil Nadu,bitpagnkqf,3877180654
Lcclupsmnt Cpcrjbbhnj,048600180,Male,tbjwegp@oxatoxi.com,Mechanical,no,Telugu,AP/Telangana,onazkazsbc,5340859999
Gtsbiezsyq Lxvgvtpsjl,200842026,Male,kvujpho@rpuwwtg.com,Architecture,no,Telugu,AP/Telangana,jxwydvsjkk,6076046729
Qosbsivmxh Gflrjetuik,667179597,Male,wxiutrl@xdoukem.com,Mechanical,no,Tamil,Tamil Nadu,utsnvhedoc,9338737142
Znayoalmty Uuaythhxbc,110174461,Male,kwqdtab@smdyowd.com,Chemical,no,Telugu,AP/Telangana,bdhlgaqtyx,7374769186
Uxbeqmxxej Tiizvwrbtu,288596767,Male,nbtvugu@tzmfnvr.com,Civil,no,Tamil,Tamil Nadu,auugvjoscr,7391266072
Nserbhcwtm Izsrrrccxv,093810900,Female,litmbco@tlqszcf.com,Architecture,no,Marathi,Maharashtra,lcvipqtxtj,1685189334
Fndfarlnqe Jxwfsjtusz,583235617,Female,gwnpvls@zgimyif.com,CSE,no,Telugu,AP/Telangana,dphpukyrbn,9399308162
Zvijawapnc Qtyurezumm,803757153,Male,ctnqdwn@axltjtj.com,Metallurgy,no,Hindi,Arunachal Pradesh,cgfcubcsvj,3909351901
Jfpvftphxc Rubxcjssvc,476342271,Male,gmctvdy@oqgadnj.com,Production,no,Hindi,Maharashtra,ezwkizkmhi,5098198449
Uhcjjjmpvg Thhtmvfscr,347250356,Male,ohopszt@pqkquoz.com,ICE,no,Hindi,Bihar,weewjhazot,1736051891
Byntmnrkfo Caplzidnmn,867056151,Male,qsqhqrj@mipjxve.com,Mechanical,no,Tamil,Tamil Nadu,goclvqhppc,5834979088
Hhwakxgtzx Vxihkssfgt,599145770,Female,baxuhqj@kwoilvt.com,EEE,no,Tamil,Tamil Nadu,vsbghoneaj,6064642902
Kjhwelucia Oxzspgmruv,489044214,Male,mfsrilu@uauygop.com,Mechanical,no,Odiya,Bihar,szxfcbxmaq,2049752161
Zjwlmiylyy Xepxuvicxw,840294940,Male,fyucofc@cyuqhyr.com,Production,no,Telugu,AP/Telangana,ycoxqjyofu,4205655116
Uemmfieznj Rzbmgtzrpj,486464305,Male,svngyzh@fzzqtto.com,Architecture,no,Telugu,AP/Telangana,fevxokqnxl,2327198186
Uoqhiumuyh Zpajtrjpsb,511948368,Male,qxgghhi@rhnpsos.com,Chemical,no,Hindi,Uttarakhand,edrxerghhm,5551232892
Dmojjclsci Fytmqvncgr,983601148,Female,askeyby@lepybjj.com,Civil,yes,Telugu,AP/Telangana,wzpkubjrtk,6076314576
Kqjsahzktw Pthnvtvywp,641153356,Male,tctxwrg@kuqrcji.com,Mechanical,no,Hindi,Jammu & Kashmir,ncjitcbgpo,6638008041
Xpptfimmgi Aidisfssds,636112118,Male,nofzmon@vlzosmy.com,Mechanical,no,Tamil,Tamil Nadu,lybolcrizg,9767298966
Nkmdfnhpwm Puukvinjqa,004828406,Male,psnyrej@meqmroj.com,Production,yes,Hindi,Rajasthan,tuexngqwft,6901639146
Ikvrsfhdni Qgcojcnuba,593775577,Male,gcvvkew@zovpsyp.com,Production,no,Tamil,Tamil Nadu,gnrgptapps,4758155882
Wtqjvwnrwr Blzjkatrac,699350746,Female,bjiujeh@wgclrgs.com,Chemical,no,Malayalam,Kerala,pxhgjbvxlh,8963369434
Aenfpeznmr Yhfkdxvatn,778983796,Male,hvbztfd@lbocsno.com,Production,no,Odiya,Tamil Nadu,wnesatubbl,3182215834
Fxdgyeobxx Rvltlzfmdu,101948522,Male,geiqgmc@hsylwce.com,ECE,no,Telugu,AP/Telangana,udskqvqove,5605534622
Zfuearbmkk Bbueaoxghj,218502834,Female,xruaoic@oandezs.com,Production,no,Tamil,Tamil Nadu,lttzemnenm,5953732599
Ehqmwprcaz Bflretyoko,788333960,Male,dfomrhw@fkbsonw.com,Chemical,no,Hindi,Delhi,xmihypajqh,3039055409
Lxypqhznpn Whxmzbexbo,690716092,Male,nlukyqn@wtccxgb.com,Mechanical,no,Hindi,Bihar,vdclxitmvl,1531230473
Eblfcpiajk Rvnfqqqjnz,374043771,Female,bhkkcjf@zgmbria.com,ICE,no,Tamil,Tamil Nadu,dyoxzmqcrb,6025127931
Xmcncqgful Sxhqngmvpe,262040892,Male,edphtkf@dtcmgcn.com,Architecture,no,Hindi,Uttarakhand,orelvbfdao,6292555155
Uhgbqvhykv Jsxredxejc,060454003,Male,xjxaimn@eouxfuc.com,EEE,no,Telugu,AP/Telangana,xegqlbldvq,6800094485
Yfarbtglox Rrfzexrlhg,155696476,Male,mnzmjvj@xauvfsy.com,ECE,no,Tamil,Tamil Nadu,unkqlfketo,8368205404
Lmucezgcaa Hhaxkapwpv,572717138,Male,qfllyie@wuulzab.com,Architecture,no,Telugu,AP/Telangana,dmpeaxgbfv,4814514867
Fawrxpewim Xovudrdmlk,416500028,Female,cqssarf@bhewnpm.com,Metallurgy,no,Tamil,Tamil Nadu,tephppippn,9885616005
Crevjsktzz Qqvbtpsuoc,881638214,Female,ovafiuo@fbqamzs.com,ICE,no,Hindi,Bihar,ezyoaushzc,9795626412
Juwosznsdm Kdwsdlwjmm,368539999,Male,gyylzej@uxvhusn.com,Mechanical,no,Hindi,Delhi,pspjfbwevk,9638665537
Jfencmbvvc Enxkzkszrc,601295024,Male,mndwkau@mgwmlkx.com,ECE,no,Tamil,Tamil Nadu,xpcwezlqrj,8627551583
Itrztiotzy Pwejlvccbd,418099731,Male,ttfrmjq@afkvrcc.com,ECE,no,Tamil,Tamil Nadu,yaoonjnjdd,5870797414
Wxnchmrevm Tikqbyycxg,012305929,Male,jwbilwm@sgkmdup.com,CSE,no,Telugu,AP/Telangana,jwcmoecyyq,8279957461
Lmjmlqitzx Fhkylniitn,076139650,Male,moooojg@tdpwuki.com,Mechanical,no,Hindi,Manipur,nqqcrwrlyc,2465326473
Rtnkyhubqu Mzptobfxxl,425277694,Male,nnttdzn@zsnflhc.com,ECE,no,Tamil,Tamil Nadu,grgkrtuclf,9633056431
Drkostrftn Xypmfvuuls,729965809,Female,yrchbck@xbmbnub.com,EEE,no,Bengali,Tamil Nadu,anatizlzem,5141925887
Qvbvwtigzp Adlipuphxe,384723201,Female,yhscwyj@yfjbjqt.com,ICE,no,Bengali,AP/Telangana,vbhrtrbbba,5863702497
Xryvqhdsbd Jzmjmqaiza,589984703,Male,sdpmdst@vzhhfqr.com,Architecture,no,Tamil,Tamil Nadu,tbrvjyiwwt,0614209387
Dnxkfcnoqu Bpmxaethph,167153744,Female,hktutvu@rqqwzlb.com,CSE,no,Marathi,Tamil Nadu,rixufcbxwb,7107917638
Ezzmstnbgc Njltetbeow,458071534,Male,pfxyvuv@wpdearf.com,Metallurgy,no,Malayalam,Kerala,ecocawfuyg,9900231237
Dmjwhvtdga Lwoavqvkbs,323817906,Male,cdziond@bhwswub.com,Architecture,no,Hindi,West Bengal,mrxziopjwm,1318512732
Dfpcmvuzod Repyvdldro,180425619,Female,qcqzcwy@zmzicfp.com,ICE,no,Hindi,Bihar,qdlyelzemv,4054287599
Uzgmjtqdsl Mffhwfpvqg,983544588,Male,vsocsca@cwffxir.com,Metallurgy,no,Tamil,Tamil Nadu,ubornhgjbl,2070289510
Eoalbvjibi Crihsehmnf,123867745,Female,vifvpdp@hetgadc.com,Metallurgy,no,Telugu,AP/Telangana,pyeiymjcmh,6934048315
Pnkfhscwgs Jgpwuywgvn,848297220,Female,zytqqiz@lzpmhol.com,ECE,no,Telugu,AP/Telangana,yfqnlihndh,3609415174
Cefupnowcl Qdkzkldauc,374875598,Male,irskoel@ukrnkoi.com,Production,no,Hindi,Karnataka,tqdralnkmb,1288821654
Ucotxbpgtt Oitqywswyy,023621017,Male,sebvank@nguxatv.com,Production,yes,Hindi,Maharashtra,vayluswluf,2802625572
Enfdfituef Forqokbkkr,803451099,Female,dsfrneb@wzuadye.com,Metallurgy,no,Hindi,Madhya Pradesh,pikvsjvfdj,9581545430
Bgzqlqagau Emljbczhpk,062126581,Male,dpmorwn@moaofto.com,CSE,no,Telugu,AP/Telangana,vhmkxsbrkh,1985968760
Kftyaohbml Knniqrafwy,378372107,Female,vexhgew@eaynnzu.com,Architecture,no,Marathi,Uttar Pradesh,cpodtfwkax,3825933463
Bcizkyxhuq Fidkswugcf,816574233,Male,zlzcqir@pntqfgq.com,Architecture,no,Marathi,AP/Telangana,mldfhdixek,4152136599
Oxcwkyquar Ndiszvolqh,448086385,Male,nwernue@ytkecfi.com,Chemical,no,Telugu,AP/Telangana,xsyuxcfqlj,1086311127
Htsyawagla Misiiduvcd,394534289,Male,qzkkyjf@cfgjioj.com,Production,no,Tamil,Tamil Nadu,sjhwchvvyo,0744864373
Anzfmyzwdq Uokvlffjwl,492826214,Female,byaufca@gedpuaj.com,Metallurgy,no,Hindi,Maharashtra,ouxvvayisx,0778727111
Tjeygmqtqh Zguizbzcrv,537355274,Female,cklpnbs@tbkclea.com,CSE,no,Telugu,AP/Telangana,oedwuvkdyk,2012937025
Rvlkdecrtt Wfnmoggmmd,234847767,Male,ajkcjxu@gzqwncx.com,ECE,no,Tamil,Tamil Nadu,erwpdxnswr,5295535601
Vnlrkephoy Bgjqkrqcng,115407751,Male,ytpgdrd@mqsxctw.com,EEE,no,Hindi,Nagaland,sjjxacgdtx,3254479961
Uucltyqcmc Lsvrgrecdp,528941387,Male,sivvfis@bbsjucm.com,Chemical,no,Tamil,Tamil Nadu,evrlpetoyo,9618849245
Ihitllakcs Limiltkbwp,697785645,Female,dxlydxe@gnctiar.com,ECE,no,Tamil,Tamil Nadu,zdjvirjikp,1596612808
Nfgioagbtb Hctekijeda,052518018,Male,cjfztdj@wgiddso.com,Architecture,no,Hindi,Jammu & Kashmir,clodbcackg,3331293989
Vgyamyzbiu Fzjqltyblj,190875267,Male,zeepkwl@yqbhdgg.com,ICE,no,Hindi,Karnataka,rkfaooygjr,4315134505
Khvcpxdiel Lmakicljto,253959733,Male,jxbbluz@zmzidrh.com,Chemical,no,Telugu,AP/Telangana,vhfpaxlgte,2160861421
Mgzhyexxwf Mmvcawpuww,730393626,Male,hblywpl@lerfcda.com,Mechanical,yes,Malayalam,Kerala,qdrpiyhgxu,1830760738
Ycikczobiq Yneqogitle,032351581,Female,apeshyh@wnjnqub.com,ICE,no,Tamil,Tamil Nadu,mvpvxzwymu,0219102188
Glbpaiylbv Uxxnrxqttz,763029430,Male,wswljxu@kzdpejp.com,Architecture,no,Telugu,AP/Telangana,ovkeylkjfg,1820267448
Ltofegxaui Rutlccvvyz,831130551,Female,gnikdih@xzjcevm.com,Production,no,Tamil,Tamil Nadu,clydyfuuhj,7412091875
Nidhsupqeq Qxdewblyuu,126042324,Male,zoxijud@uspzmmz.com,Production,no,Tamil,Tamil Nadu,nlgomkaiqy,3193145115
Cnmuhxshfd Zdpmnanbhh,204617012,Male,ftjhrgp@lpghqjy.com,ECE,no,Hindi,Meghalaya,agiwjazdmp,6899265533
Kzkfpsqqds Kapcdskorp,247247739,Female,btvkrbn@dbgecza.com,EEE,yes,Tamil,Tamil Nadu,jyacxdcakk,7869452483
Eztegiaqrt Swupbpbbzj,802003178,Male,hqnamkt@mrqvfge.com,Production,no,Malayalam,Kerala,ysdkcevnsp,4547079462
Suytvjrjmu Mdiupytbsh,244964890,Female,ynkcrlp@dsqfuwa.com,CSE,no,Telugu,AP/Telangana,qeugftdyqi,2263472891
Uxrjzrtqfb Rmartitldk,873915704,Male,ruardsu@pefwigq.com,Architecture,yes,Tamil,Tamil Nadu,pawhxrlpfx,6710312719
Xwomynxmsb Kekcivtrmf,374605703,Male,alwbddi@kqqeogd.com,CSE,no,Tamil,Tamil Nadu,snwklgdyqs,3398415559
Fmjwzcuwmf Bbrzhdyuax,131062640,Male,mqtzrzk@aegaxfu.com,Metallurgy,no,Tamil,Tamil Nadu,pvydmwghcs,8423456327
Ghvoygwmcm Mfltrclfqu,633741012,Male,fcuykav@qefdalk.com,ICE,no,Telugu,AP/Telangana,ennbvhravk,4335964203
Ygykahsdry Qcvbxlkjxy,308496258,Male,pfuqoul@daqtmff.com,CSE,no,Malayalam,Kerala,ytboxxazej,4806280370
Ndcdzjfcja Knpeyyysxa,346852256,Male,qccqpgh@opfupdx.com,ECE,no,Malayalam,Kerala,crjhpkagar,8083869318
Wmtelhouql Btyuisxfqr,878913322,Male,ezmbrrh@kdskqwl.com,Metallurgy,no,Hindi,Punjab,ijnuvuhzsu,9464677815
Fgsaauugie Jwhrbewsmt,783549366,Male,vzbfzos@yfpmlhw.com,Metallurgy,no,Hindi,Haryana,ehdcdjgarm,2221771552
Glzosfiyoy Ngiytmmxdb,086489461,Male,rnqrbgj@cgbxswu.com,ICE,no,Telugu,AP/Telangana,xyhmlajywn,9824788603
Ekjktgnnro Kvhxwkqivr,273185398,Female,oztpruq@nzrxarh.com,CSE,no,Telugu,AP/Telangana,ppuinyslhu,4787819641
Budcflfmet Cvhyjpyxeb,256924375,Female,meyvxfb@cmoexaj.com,Production,no,Hindi,Gujarat,yhqisdytup,1137072468
Owwjiadigg Ycczhbfpti,354124908,Female,caztxpk@xhwhlhx.com,Production,no,Hindi,Bihar,nlijdgkmpo,7581915132
Rlxhmydxro Cvflnqrdqz,342067962,Male,uhurkxr@lilsngl.com,EEE,no,Tamil,Tamil Nadu,wcmtkerobi,6032686422
Xklznalfcu Stnbgypzzn,956520034,Male,umffild@btfknbu.com,Civil,no,Hindi,Bihar,gznckvivkq,3801745321
Keweucobsk Qrogebqawb,275597704,Male,umzisvf@pgqwzkz.com,Metallurgy,no,Tamil,Tamil Nadu,guaeckykje,7897727869
Eqgrezwjjv Swndgugznd,216758627,Female,miukkkd@nxuqryy.com,Chemical,no,Telugu,AP/Telangana,ydkjpsdspi,2026179277
Qbgzemuhui Xjbyzxpcdq,067083977,Female,soqdwqa@tqzwojf.com,Architecture,yes,Tamil,Tamil Nadu,mmlsczxvmf,7052582576
Fitikiiqtn Zjcxngpral,981496627,Male,jrtqzot@xncigur.com,Mechanical,no,Tamil,Tamil Nadu,odldknnzma,4055612472
Ecqnckrqgn Ixkmscszyr,847320682,Female,ubicufw@oenchoc.com,ICE,no,Bengali,AP/Telangana,pygnfpvwqx,0566561813
Ckrmmppudo Pwwvcahiot,771437878,Female,jkirnqv@ozznkxq.com,Architecture,no,Tamil,Tamil Nadu,sntcwwnzag,9488340069
Dipmakhhwi Poimwcrlcm,187018420,Male,hvqtbrx@yvlbyul.com,CSE,no,Telugu,AP/Telangana,uowkyphwjv,1062798125
Frmbrbpdeu Wpbgehmugb,735300430,Male,ufyuscs@tjrtlwf.com,Civil,no,Telugu,AP/Telangana,mrrqjfladj,3360451380
Vnocwarojx Cjqawzialy,914287088,Male,zxltpdx@cydmvpx.com,Metallurgy,no,Hindi,Maharashtra,syxmvayyuo,3299998502
Rvxcseemrj Squyvvqkhp,121751149,Male,fqqwekf@tngonql.com,Mechanical,no,Telugu,AP/Telangana,kcvdrsmgwu,8319193073
Zprlymockl Tdrejfsoxb,888774789,Male,youaoqi@conpsfb.com,Production,no,Hindi,West Bengal,oxdausbtlt,2954377467
Xmcuxfwpvu Zocwmxzhyh,759971501,Male,qgjalkg@sgeisrf.com,Metallurgy,no,Hindi,Bihar,aeumqoltxt,6368027599
Duwhsduxnd Uqifxppibd,990767437,Female,nlwggia@ryodxla.com,Architecture,no,Telugu,AP/Telangana,mzwvsrxgby,2783762968
Forutapwfs Cupyzgqpeb,137809829,Male,milzlqh@vietvzc.com,Mechanical,no,Hindi,Himachal Pradesh,ibtytabdkn,3382369536
Kxzvztklol Iupljmtlyt,463467810,Male,dxkbfak@pddrhsz.com,ECE,no,Hindi,Bihar,hxinwhztmm,9084550371
Unyxkmodmb Anuuryqjkl,404444822,Male,vimptjl@kzltump.com,Chemical,yes,Tamil,Tamil Nadu,hgbgtzjvdz,0914534452
Rzdajgowae Nqppdsqzow,901678607,Male,zqkfiej@qxcxrmx.com,Metallurgy,no,Tamil,Tamil Nadu,lwquunyudr,4339917204
Iisxpgvtnr Qmlmacctcs,987351622,Male,tmnpsos@gelkoue.com,ICE,no,Bengali,Bihar,ksawxgaqho,2633986445
Tccypsyheu Cimygjblzg,204362011,Male,lascqwf@qtkxfdt.com,Metallurgy,no,Tamil,Tamil Nadu,lsxomuqxff,5298325013
Bhchorbrvu Ztpvjlwonm,690204643,Female,jgjcglm@feqhppl.com,EEE,yes,Hindi,Bihar,zlsjomkecc,9524095910
Ooynnazoqi Bxgtulxlcb,448011686,Male,rkyqleg@sdqqegt.com,EEE,no,Tamil,Tamil Nadu,wemiqlfqyb,1154276163
Zeyazpgxeu Rjyecrwvlo,741058983,Female,irhwica@lblovig.com,CSE,no,Odiya,Delhi,tywcbergzt,7491800880
Sneirjoxyg Bdjsoemjwn,822795642,Male,znthzrt@sugoaox.com,Civil,no,Tamil,Tamil Nadu,rdkpxapeyr,6913167802
Vistyldgfr Zajmysikeq,043885169,Male,nmixovt@ttejlsm.com,EEE,yes,Hindi,Jharkhand,yycjoizope,0721351158
Pwrgvhmxop Ggnhybewfg,455400418,Male,xxmkoeq@jmfdqel.com,Metallurgy,no,Tamil,Tamil Nadu,qjokzxixbx,9180523006
Zqzqcballz Aauweoyxwl,921479614,Male,olekklu@aletaky.com,Metallurgy,no,Hindi,Maharashtra,udjvinoyqu,5399686995
Fgxjsgpsii Gfujujjqdk,169746731,Male,fequwzt@bddhual.com,Metallurgy,no,Tamil,Tamil Nadu,bkhjgehupe,7680024699
Odlgrtnedu Giuddgdicl,334630235,Male,vutnojj@brvstnb.com,Mechanical,no,Hindi,Delhi,lshdyshhls,0261117928
Difnmfogrc Crujqlwmaj,971250825,Female,rdwbvyw@elroaop.com,Production,no,Telugu,AP/Telangana,wauiegszuc,3676460478
Ysracgnzwi Jkarfbvkys,352163400,Female,zzmdxgv@yivtbrm.com,Architecture,no,Hindi,Assam,ciorrxfgft,1198228980
Shturkljpw Zhkbtjgeyy,321567521,Male,axzcfjt@bmopshe.com,EEE,no,Tamil,Tamil Nadu,xddbhpdapk,0741236171
Zubfvrfmmr Wcjvwqixrb,431768157,Male,vlbhxcc@vzxusdp.com,EEE,no,Odiya,AP/Telangana,nowxdapsiv,8431111808
Obqkrirylg Zcihfypjjt,188996788,Male,autmtrd@uggluui.com,Production,yes,Tamil,Tamil Nadu,znkfjmnyjj,6592428346
Gcqrsqxbab Lvdaqztajg,918709030,Male,ozosjqz@zeokokq.com,EEE,no,Hindi,Tripura,wdhzrtypec,7295544236
Mkwnqzoafm Bytubtatgl,323577118,Male,yagtujh@plbxunx.com,EEE,no,Telugu,AP/Telangana,anaoidxscq,6046554285
Srqyiipjnn Drxaswzdsv,757617009,Female,bjkwrpi@ukgxjep.com,CSE,no,Hindi,Maharashtra,lqquxvquxw,3963815735
Stffeobgln Ipnhkwehlw,561005145,Female,fjozqpz@mhubabz.com,Architecture,yes,Tamil,Tamil Nadu,ojtvsqcbfz,6666488679
Ljqdlknoaw Ssztkayngr,282337087,Male,zjugtre@nixzvat.com,Mechanical,no,Hindi,Uttarakhand,agfiyxapoo,8511651541
Jhtdcyiubp Kwjsbrryss,775613102,Male,wxajwpl@ushiqjp.com,Architecture,no,Bengali,AP/Telangana,ezaafmiata,0218303091
Djlcqnxflq Dlatnrhvps,889521666,Male,rwhkfba@tsrzcqf.com,Mechanical,no,Tamil,Tamil Nadu,zfklfimwno,4574911878
Egbxrtmlee Dkdggnwupt,051871002,Male,bttbabs@jkvalet.com,Civil,no,Tamil,Tamil Nadu,iestyfvchl,5500113336
Yfdovmhams Tilysifuta,522591112,Female,konlwqw@mmowqry.com,ECE,no,Telugu,AP/Telangana,jaazoqnkmk,4138416840
Fvalmdwckl Oextmpqmcv,693818257,Female,eqqpicw@kgiclmf.com,Metallurgy,no,Telugu,AP/Telangana,rnadtlhpri,2723939050
Pcnmbzbkkm Moufihwzmc,305694809,Male,racqlyc@kpllkca.com,EEE,no,Tamil,Tamil Nadu,kdfngjjwwa,8686055858
Qqkicxenca Dcwepbsjis,259921421,Male,hbiozif@byqplir.com,Mechanical,yes,Tamil,Tamil Nadu,tusudlfuuk,3338729914
Swclecrkkf Ukqavxvbzk,455571158,Male,olvpznj@muzbxww.com,Mechanical,no,Telugu,AP/Telangana,hsfltgngky,6892042673
Hzmbraevmu Szaqqsdtuw,639308079,Male,efogzeg@rtnhcei.com,EEE,no,Bengali,Assam,xtsbstenlx,7923278524
Wlqbosolcw Oqnbnfpsni,745231597,Male,eqmwjet@nqffafw.com,Mechanical,no,Hindi,Maharashtra,icifyzsgcz,6119580613
Wncgungtao Ocnkkxoyjr,786982075,Male,ulrhwwt@sqzzita.com,Mechanical,no,Hindi,Bihar,ltvnytndfb,1820784505
Rxfmgdllbx Ablmuaqypi,365835791,Male,vhlzqbt@kfmbefw.com,ICE,no,Hindi,Manipur,yugbuqyvfn,9742075558
Azmdwucbti Ghxjkwhcxi,199523906,Male,xjzoajl@xpduoxk.com,Production,no,Bengali,Manipur,dxjmlvfelq,5888983343
Fijqzfzsdy Xmhnxfjfdq,360013230,Male,cvdjqpn@dfhgxbh.com,Metallurgy,yes,Tamil,Tamil Nadu,szfkgydafe,9193632625
Mleysntbdw Cxftwitrap,065130667,Female,toferkw@lqlhvas.com,Architecture,no,Telugu,AP/Telangana,avdylgmwxa,5787264965
Uhhvcdjxrb Xkrkbjrwqw,945369060,Male,tzzdniu@uqxgndh.com,Civil,no,Telugu,AP/Telangana,fxnybwhexw,8165549640
Wqyqxpgjqz Dukfnrajba,916803953,Female,fvqexbp@tutedxa.com,ICE,no,Telugu,AP/Telangana,mavmoxjcum,4551490869
Qvrvhnsvif Ylhzbcievs,110214419,Male,bxecxqo@gghiqof.com,ICE,no,Hindi,Karnataka,aekcaljyou,8977091642
Jczxooavxf Rtbskaxqyv,893273966,Male,ljrpbtb@qefyhrj.com,CSE,no,Telugu,AP/Telangana,kfddzmfikz,3459125902
Wfcwcknwmn Ssxpsspmfh,460188225,Male,ioalexo@rgbidiv.com,Civil,no,Malayalam,Kerala,tgzwfpuund,3536748489
Maudxrvoza Hjkcuujnpc,914048956,Female,ulawohq@lbupzla.com,ECE,no,Marathi,Rajasthan,glgoqyxxsd,8243883447
Rjrpexusvk Lvjroffsdk,918151225,Male,jzxwvvk@jzruzqe.com,Civil,no,Hindi,West Bengal,gbumiifgcs,1647165932
Xgocxgvhbg Qikrbofzln,676871637,Male,xujzmyz@kcnsqaz.com,Architecture,no,Hindi,Maharashtra,cselgrldfi,8372701814
Wvpiraqwyi Ifoxscjzfo,383176844,Female,jaeppzp@zszuyas.com,Production,no,Hindi,Mizoram,wcqgqsyuea,2916208229
Rdrdfivaoz Hzinfhrvax,844953068,Female,dngiwpj@ezuiuzb.com,CSE,no,Telugu,AP/Telangana,rovanejwab,3626392725
Gjrrvwobzu Mpndimvnpm,256608618,Female,cgaizyt@wksufse.com,Civil,no,Bengali,Punjab,mkbltrnyjj,4211263359
Rkuhxiqshv Pkemzlulfv,996425059,Male,ercfcst@xtjryeq.com,Civil,no,Odiya,AP/Telangana,dktcjkfijc,5242732346
Aziztrlvcl Zktwwruvds,114159690,Male,vmfdgeq@rdjsejt.com,Civil,no,Tamil,Tamil Nadu,jlcczijvbn,1931531815
Pilobhgdda Kceddyqxww,540872758,Male,zxrjirr@arlryip.com,Civil,no,Bengali,Tamil Nadu,juzpwxcjxm,5275121512
Rtqizhispj Sdnyzqwfqb,856078363,Male,lqldoru@dfmtvaf.com,Architecture,yes,Tamil,Tamil Nadu,pgfomvzutp,4022200327
Lkuokdaasl Mcusgtbwpl,267874883,Female,wazhvhw@cuvtkkj.com,Production,yes,Tamil,Tamil Nadu,fzobokszpv,8758119611
Soejvscchx Vavstpgwhq,874154653,Female,mpvarhs@equqslr.com,EEE,no,Telugu,AP/Telangana,pnegmdevxd,6959983050
Pvtbagxttf Wjkrnexesy,285725437,Male,ymbcodh@kpigqkl.com,Civil,yes,Telugu,AP/Telangana,kkbjesnrpz,7297303236
Tfijmzhqps Coiufgxarz,047725633,Male,ulrbnvu@qfsbhnb.com,Metallurgy,yes,Malayalam,Kerala,qfuwphkynl,8805354701
Grwpvvcwsc Vwcpdvnbyh,771332895,Male,piculfv@kwwjhbf.com,Architecture,no,Hindi,Maharashtra,wtggbtluzc,8224550616
Rnsallwhql Eaasuexjrl,562967682,Male,tjskgja@qqpsdtz.com,Civil,no,Tamil,Tamil Nadu,uhmnsnvohf,5139317003
Wnmvgvahmg Bcumoofskm,537842893,Female,zaoyzrm@xkrzepk.com,EEE,no,Tamil,Tamil Nadu,etpbbnbjgm,4540310863
Lhydkrzffj Lokygntcsb,691300608,Male,jfliois@ymupgss.com,Civil,no,Tamil,Tamil Nadu,rdvrggxtjl,5642858219
Zuoguikdij Rgtkfepycq,485036229,Male,feefbsv@lqglzsj.com,Architecture,no,Telugu,AP/Telangana,zcdqjddpdd,1416944102
Wzstgksuyg Uohzcgphvj,259485604,Female,fbghjgw@lnqxvcu.com,Production,no,Telugu,AP/Telangana,scnpgiyopp,8514662009
Htycrcygzx Nqlfxczbsy,793957221,Female,wczlrqh@fkhjjmi.com,ECE,no,Hindi,Sikkim,topybtrdpr,9450610420
Ywcobmtvoj Xhvcoanuqw,373589236,Male,oxoweox@luljaln.com,Metallurgy,no,Telugu,AP/Telangana,kargaspxmd,8490833118
Atvrmmosnp Bwazjfuedu,785993494,Male,klqofke@oanyhob.com,Mechanical,no,Telugu,AP/Telangana,jewxtgnhiy,1084563182
Uhinndiaap Kbaioizwmu,399198664,Male,kdvvjhe@yfptvvs.com,Civil,no,Tamil,Tamil Nadu,hhnbdsrhui,4098071469
Aaddsuetzh Qdrzvjqbmd,941999590,Male,iamdqog@aodandi.com,ICE,no,Hindi,Assam,iiuysqbqfm,3578050641
